-- phpMyAdmin SQL Dump
-- version 4.3.11
-- http://www.phpmyadmin.net
--
-- Host: 127.0.0.1
-- Generation Time: Apr 24, 2015 at 04:12 AM
-- Server version: 5.6.24
-- PHP Version: 5.5.24

SET SQL_MODE = "NO_AUTO_VALUE_ON_ZERO";
SET time_zone = "+00:00";


/*!40101 SET @OLD_CHARACTER_SET_CLIENT=@@CHARACTER_SET_CLIENT */;
/*!40101 SET @OLD_CHARACTER_SET_RESULTS=@@CHARACTER_SET_RESULTS */;
/*!40101 SET @OLD_COLLATION_CONNECTION=@@COLLATION_CONNECTION */;
/*!40101 SET NAMES utf8 */;

--
-- Database: `campus_map`
--

-- --------------------------------------------------------

--
-- Table structure for table `buildings`
--

CREATE TABLE IF NOT EXISTS `buildings` (
  `ID` char(10) NOT NULL,
  `name` char(30) DEFAULT NULL,
  `floorCount` smallint(6) DEFAULT NULL,
  `defFloor` smallint(6) DEFAULT NULL
) ENGINE=InnoDB DEFAULT CHARSET=latin1;

--
-- Dumping data for table `buildings`
--

INSERT INTO `buildings` (`ID`, `name`, `floorCount`, `defFloor`) VALUES
('CS', 'Computer Science Building', 3, 2),
('rolla', 'Rolla Building', 4, 1);

-- --------------------------------------------------------

--
-- Table structure for table `coordinates`
--

CREATE TABLE IF NOT EXISTS `coordinates` (
  `roomFlag` tinyint(1) DEFAULT NULL,
  `outdoorFlag` tinyint(1) DEFAULT NULL,
  `buildingID` char(10) NOT NULL,
  `roomID` char(10) NOT NULL,
  `latitude` float(15,15) NOT NULL,
  `longitude` float(15,15) NOT NULL,
  `pointOrder` int(3) NOT NULL
) ENGINE=InnoDB DEFAULT CHARSET=latin1;

--
-- Dumping data for table `coordinates`
--

INSERT INTO `coordinates` (`roomFlag`, `outdoorFlag`, `buildingID`, `roomID`, `latitude`, `longitude`, `pointOrder`) VALUES
(1, 0, 'CS', 'cs100', 37.955829620361330, -91.774169921875000, 0),
(1, 0, 'CS', 'cs100A', 37.955860137939450, -91.774177551269530, 0),
(1, 0, 'CS', 'cs100B', 37.955799102783200, -91.774200439453120, 0),
(1, 0, 'CS', 'cs101', 37.955860137939450, -91.774131774902340, 0),
(1, 0, 'CS', 'cs102', 37.955860137939450, -91.774047851562500, 0),
(1, 0, 'CS', 'cs103', 37.955928802490234, -91.774047851562500, 0),
(1, 0, 'CS', 'cs103A', 37.955970764160156, -91.774017333984380, 0),
(1, 0, 'CS', 'cs104', 37.955928802490234, -91.774162292480470, 0),
(1, 0, 'CS', 'cs104B', 37.955970764160156, -91.774063110351560, 0),
(1, 0, 'CS', 'cs104C', 37.955970764160156, -91.774101257324220, 0),
(1, 0, 'CS', 'cs104D', 37.955970764160156, -91.774139404296880, 0),
(1, 0, 'CS', 'cs104E', 37.955970764160156, -91.774169921875000, 0),
(1, 0, 'CS', 'cs104E1', 37.955970764160156, -91.774208068847660, 0),
(1, 0, 'CS', 'cs105', 37.955928802490234, -91.774200439453120, 0),
(1, 0, 'CS', 'cs105A', 37.955970764160156, -91.774291992187500, 0),
(1, 0, 'CS', 'cs105A1', 37.955928802490234, -91.774246215820310, 0),
(1, 0, 'CS', 'cs106', 37.955921173095700, -91.774307250976560, 0),
(1, 0, 'CS', 'cs106A', 37.955909729003906, -91.774520874023440, 0),
(1, 0, 'CS', 'cs106A1', 37.955921173095700, -91.774520874023440, 0),
(1, 0, 'CS', 'cs107', 37.956001281738280, -91.774421691894530, 0),
(1, 0, 'CS', 'cs107C', 37.956031799316406, -91.774421691894530, 0),
(1, 0, 'CS', 'cs107D', 37.956031799316406, -91.774482727050780, 0),
(1, 0, 'CS', 'cs107E', 37.956031799316406, -91.774520874023440, 0),
(1, 0, 'CS', 'cs107F', 37.956001281738280, -91.774520874023440, 0),
(1, 0, 'CS', 'cs108', 37.955970764160156, -91.774589538574220, 0),
(1, 0, 'CS', 'cs109', 37.955940246582030, -91.774597167968750, 0),
(1, 0, 'CS', 'cs110', 37.955909729003906, -91.774589538574220, 0),
(1, 0, 'CS', 'cs111', 37.955860137939450, -91.774597167968750, 0),
(1, 0, 'CS', 'cs112', 37.955829620361330, -91.774589538574220, 0),
(1, 0, 'CS', 'cs113', 37.955810546875000, -91.774597167968750, 0),
(1, 0, 'CS', 'cs1EV', 37.955860137939450, -91.774230957031250, 0),
(1, 0, 'CS', 'cs1M1', 37.956050872802734, -91.774238586425780, 0),
(1, 0, 'CS', 'cs1ST1', 37.955860137939450, -91.773971557617190, 0),
(1, 0, 'CS', 'cs1ST2', 37.955860137939450, -91.774200439453120, 0),
(1, 0, 'CS', 'csB1', 37.955879211425780, -91.773948669433600, 0),
(1, 0, 'rolla', 'rG1', 37.953521728515625, -91.774192810058600, 0),
(1, 0, 'rolla', 'rG2', 37.953498840332030, -91.774192810058600, 0),
(1, 0, 'rolla', 'rG3', 37.953521728515625, -91.774139404296880, 0),
(1, 0, 'rolla', 'rG4', 37.953521728515625, -91.774139404296880, 0),
(1, 0, 'rolla', 'rG5', 37.953639984130860, -91.774101257324220, 0),
(1, 0, 'rolla', 'rG5A', 37.953590393066406, -91.774009704589840, 0),
(1, 0, 'rolla', 'rG7', 37.953578948974610, -91.774162292480470, 0),
(1, 0, 'rolla', 'rG7A', 37.953559875488280, -91.774108886718750, 0),
(1, 0, 'rolla', 'rg8', 37.953628540039060, -91.774261474609380, 0),
(1, 0, 'rolla', 'rGCR1', 37.953540802001950, -91.774017333984380, 0),
(1, 0, 'rolla', 'rGEV1', 37.953548431396484, -91.774223327636720, 0),
(1, 0, 'rolla', 'rgjc1', 37.953571319580080, -91.774230957031250, 0),
(1, 0, 'rolla', 'rGMT', 37.953609466552734, -91.774169921875000, 0),
(1, 0, 'rolla', 'rgst1', 37.953559875488280, -91.774246215820310, 0),
(1, 0, 'rolla', 'rGST2', 37.953548431396484, -91.774009704589840, 0),
(1, 0, 'rolla', 'rgvt1', 37.953548431396484, -91.774246215820310, 0),
(1, 0, 'rolla', 'rGwt', 37.953628540039060, -91.774162292480470, 0),
(1, 0, 'CS', 'cs100', 37.955829620361330, -91.774162292480470, 1),
(1, 0, 'CS', 'cs100A', 37.955860137939450, -91.774139404296880, 1),
(1, 0, 'CS', 'cs100B', 37.955799102783200, -91.774169921875000, 1),
(1, 0, 'CS', 'cs101', 37.955860137939450, -91.774047851562500, 1),
(1, 0, 'CS', 'cs102', 37.955860137939450, -91.773971557617190, 1),
(1, 0, 'CS', 'cs103', 37.955928802490234, -91.773979187011720, 1),
(1, 0, 'CS', 'cs103A', 37.955970764160156, -91.773979187011720, 1),
(1, 0, 'CS', 'cs104', 37.955928802490234, -91.774047851562500, 1),
(1, 0, 'CS', 'cs104B', 37.955970764160156, -91.774017333984380, 1),
(1, 0, 'CS', 'cs104C', 37.955970764160156, -91.774063110351560, 1),
(1, 0, 'CS', 'cs104D', 37.955970764160156, -91.774101257324220, 1),
(1, 0, 'CS', 'cs104E', 37.955970764160156, -91.774139404296880, 1),
(1, 0, 'CS', 'cs104E1', 37.955970764160156, -91.774177551269530, 1),
(1, 0, 'CS', 'cs105', 37.955928802490234, -91.774162292480470, 1),
(1, 0, 'CS', 'cs105A', 37.955970764160156, -91.774208068847660, 1),
(1, 0, 'CS', 'cs105A1', 37.955928802490234, -91.774200439453120, 1),
(1, 0, 'CS', 'cs106', 37.955921173095700, -91.774299621582030, 1),
(1, 0, 'CS', 'cs106A', 37.955909729003906, -91.774490356445310, 1),
(1, 0, 'CS', 'cs106A1', 37.955921173095700, -91.774490356445310, 1),
(1, 0, 'CS', 'cs107', 37.956001281738280, -91.774299621582030, 1),
(1, 0, 'CS', 'cs107C', 37.956031799316406, -91.774246215820310, 1),
(1, 0, 'CS', 'cs107D', 37.956031799316406, -91.774421691894530, 1),
(1, 0, 'CS', 'cs107E', 37.956031799316406, -91.774482727050780, 1),
(1, 0, 'CS', 'cs107F', 37.956001281738280, -91.774421691894530, 1),
(1, 0, 'CS', 'cs108', 37.955970764160156, -91.774528503417970, 1),
(1, 0, 'CS', 'cs109', 37.955940246582030, -91.774528503417970, 1),
(1, 0, 'CS', 'cs110', 37.955909729003906, -91.774528503417970, 1),
(1, 0, 'CS', 'cs111', 37.955860137939450, -91.774528503417970, 1),
(1, 0, 'CS', 'cs112', 37.955829620361330, -91.774528503417970, 1),
(1, 0, 'CS', 'cs113', 37.955799102783200, -91.774528503417970, 1),
(1, 0, 'CS', 'cs1EV', 37.955860137939450, -91.774208068847660, 1),
(1, 0, 'CS', 'cs1M1', 37.956050872802734, -91.774208068847660, 1),
(1, 0, 'CS', 'cs1ST1', 37.955860137939450, -91.773948669433600, 1),
(1, 0, 'CS', 'cs1ST2', 37.955860137939450, -91.774192810058600, 1),
(1, 0, 'CS', 'csB1', 37.955879211425780, -91.773933410644530, 1),
(1, 0, 'rolla', 'rG1', 37.953521728515625, -91.774162292480470, 1),
(1, 0, 'rolla', 'rG2', 37.953498840332030, -91.774139404296880, 1),
(1, 0, 'rolla', 'rG3', 37.953521728515625, -91.774108886718750, 1),
(1, 0, 'rolla', 'rG4', 37.953521728515625, -91.774108886718750, 1),
(1, 0, 'rolla', 'rG5', 37.953639984130860, -91.774078369140620, 1),
(1, 0, 'rolla', 'rG5A', 37.953590393066406, -91.773948669433600, 1),
(1, 0, 'rolla', 'rG7', 37.953578948974610, -91.774108886718750, 1),
(1, 0, 'rolla', 'rG7A', 37.953559875488280, -91.774101257324220, 1),
(1, 0, 'rolla', 'rg8', 37.953628540039060, -91.774208068847660, 1),
(1, 0, 'rolla', 'rGCR1', 37.953529357910156, -91.774017333984380, 1),
(1, 0, 'rolla', 'rGEV1', 37.953548431396484, -91.774200439453120, 1),
(1, 0, 'rolla', 'rgjc1', 37.953571319580080, -91.774192810058600, 1),
(1, 0, 'rolla', 'rGMT', 37.953609466552734, -91.774108886718750, 1),
(1, 0, 'rolla', 'rgst1', 37.953559875488280, -91.774230957031250, 1),
(1, 0, 'rolla', 'rGST2', 37.953548431396484, -91.773956298828120, 1),
(1, 0, 'rolla', 'rgvt1', 37.953548431396484, -91.774223327636720, 1),
(1, 0, 'rolla', 'rGwt', 37.953628540039060, -91.774131774902340, 1),
(1, 0, 'CS', 'cs100', 37.955829620361330, -91.774162292480470, 2),
(1, 0, 'CS', 'cs100A', 37.955829620361330, -91.774147033691400, 2),
(1, 0, 'CS', 'cs100B', 37.955780029296875, -91.774169921875000, 2),
(1, 0, 'CS', 'cs101', 37.955780029296875, -91.774047851562500, 2),
(1, 0, 'CS', 'cs102', 37.955780029296875, -91.773971557617190, 2),
(1, 0, 'CS', 'cs103', 37.955890655517580, -91.773971557617190, 2),
(1, 0, 'CS', 'cs103A', 37.955928802490234, -91.773979187011720, 2),
(1, 0, 'CS', 'cs104', 37.955890655517580, -91.774047851562500, 2),
(1, 0, 'CS', 'cs104B', 37.955928802490234, -91.774017333984380, 2),
(1, 0, 'CS', 'cs104C', 37.955940246582030, -91.774063110351560, 2),
(1, 0, 'CS', 'cs104D', 37.955928802490234, -91.774101257324220, 2),
(1, 0, 'CS', 'cs104E', 37.955928802490234, -91.774139404296880, 2),
(1, 0, 'CS', 'cs104E1', 37.955928802490234, -91.774177551269530, 2),
(1, 0, 'CS', 'cs105', 37.955890655517580, -91.774162292480470, 2),
(1, 0, 'CS', 'cs105A', 37.955928802490234, -91.774208068847660, 2),
(1, 0, 'CS', 'cs105A1', 37.955890655517580, -91.774200439453120, 2),
(1, 0, 'CS', 'cs106', 37.955928802490234, -91.774299621582030, 2),
(1, 0, 'CS', 'cs106A', 37.955921173095700, -91.774490356445310, 2),
(1, 0, 'CS', 'cs106A1', 37.955909729003906, -91.774490356445310, 2),
(1, 0, 'CS', 'cs107', 37.955921173095700, -91.774299621582030, 2),
(1, 0, 'CS', 'cs107C', 37.956008911132810, -91.774261474609380, 2),
(1, 0, 'CS', 'cs107D', 37.956008911132810, -91.774421691894530, 2),
(1, 0, 'CS', 'cs107E', 37.956008911132810, -91.774482727050780, 2),
(1, 0, 'CS', 'cs107F', 37.955928802490234, -91.774421691894530, 2),
(1, 0, 'CS', 'cs108', 37.955940246582030, -91.774543762207030, 2),
(1, 0, 'CS', 'cs109', 37.955909729003906, -91.774528503417970, 2),
(1, 0, 'CS', 'cs110', 37.955860137939450, -91.774528503417970, 2),
(1, 0, 'CS', 'cs111', 37.955841064453125, -91.774528503417970, 2),
(1, 0, 'CS', 'cs112', 37.955810546875000, -91.774528503417970, 2),
(1, 0, 'CS', 'cs113', 37.955818176269530, -91.774528503417970, 2),
(1, 0, 'CS', 'cs1EV', 37.955841064453125, -91.774208068847660, 2),
(1, 0, 'CS', 'cs1M1', 37.956001281738280, -91.774208068847660, 2),
(1, 0, 'CS', 'cs1ST1', 37.955841064453125, -91.773948669433600, 2),
(1, 0, 'CS', 'cs1ST2', 37.955818176269530, -91.774177551269530, 2),
(1, 0, 'CS', 'csB1', 37.955841064453125, -91.773933410644530, 2),
(1, 0, 'rolla', 'rG1', 37.953510284423830, -91.774162292480470, 2),
(1, 0, 'rolla', 'rG2', 37.953468322753906, -91.774139404296880, 2),
(1, 0, 'rolla', 'rG3', 37.953460693359375, -91.774108886718750, 2),
(1, 0, 'rolla', 'rG4', 37.953460693359375, -91.774108886718750, 2),
(1, 0, 'rolla', 'rG5', 37.953628540039060, -91.774078369140620, 2),
(1, 0, 'rolla', 'rG5A', 37.953548431396484, -91.773948669433600, 2),
(1, 0, 'rolla', 'rG7', 37.953559875488280, -91.774108886718750, 2),
(1, 0, 'rolla', 'rG7A', 37.953548431396484, -91.774101257324220, 2),
(1, 0, 'rolla', 'rg8', 37.953590393066406, -91.774208068847660, 2),
(1, 0, 'rolla', 'rGCR1', 37.953529357910156, -91.774139404296880, 2),
(1, 0, 'rolla', 'rGEV1', 37.953540802001950, -91.774200439453120, 2),
(1, 0, 'rolla', 'rgjc1', 37.953559875488280, -91.774192810058600, 2),
(1, 0, 'rolla', 'rGMT', 37.953578948974610, -91.774108886718750, 2),
(1, 0, 'rolla', 'rgst1', 37.953548431396484, -91.774238586425780, 2),
(1, 0, 'rolla', 'rGST2', 37.953540802001950, -91.773956298828120, 2),
(1, 0, 'rolla', 'rgvt1', 37.953540802001950, -91.774223327636720, 2),
(1, 0, 'rolla', 'rGwt', 37.953639984130860, -91.774131774902340, 2),
(1, 0, 'CS', 'cs100', 37.955829620361330, -91.774147033691400, 3),
(1, 0, 'CS', 'cs100A', 37.955841064453125, -91.774162292480470, 3),
(1, 0, 'CS', 'cs100B', 37.955791473388670, -91.774162292480470, 3),
(1, 0, 'CS', 'cs101', 37.955780029296875, -91.774131774902340, 3),
(1, 0, 'CS', 'cs102', 37.955780029296875, -91.774047851562500, 3),
(1, 0, 'CS', 'cs103', 37.955890655517580, -91.774047851562500, 3),
(1, 0, 'CS', 'cs103A', 37.955928802490234, -91.774017333984380, 3),
(1, 0, 'CS', 'cs104', 37.955890655517580, -91.774162292480470, 3),
(1, 0, 'CS', 'cs104B', 37.955928802490234, -91.774070739746100, 3),
(1, 0, 'CS', 'cs104C', 37.955940246582030, -91.774070739746100, 3),
(1, 0, 'CS', 'cs104D', 37.955928802490234, -91.774139404296880, 3),
(1, 0, 'CS', 'cs104E', 37.955928802490234, -91.774169921875000, 3),
(1, 0, 'CS', 'cs104E1', 37.955928802490234, -91.774208068847660, 3),
(1, 0, 'CS', 'cs105', 37.955879211425780, -91.774200439453120, 3),
(1, 0, 'CS', 'cs105A', 37.955928802490234, -91.774276733398440, 3),
(1, 0, 'CS', 'cs105A1', 37.955890655517580, -91.774261474609380, 3),
(1, 0, 'CS', 'cs106', 37.955928802490234, -91.774246215820310, 3),
(1, 0, 'CS', 'cs106A', 37.955921173095700, -91.774307250976560, 3),
(1, 0, 'CS', 'cs106A1', 37.955909729003906, -91.774520874023440, 3),
(1, 0, 'CS', 'cs107', 37.955928802490234, -91.774421691894530, 3),
(1, 0, 'CS', 'cs107C', 37.956001281738280, -91.774421691894530, 3),
(1, 0, 'CS', 'cs107D', 37.956001281738280, -91.774482727050780, 3),
(1, 0, 'CS', 'cs107E', 37.956001281738280, -91.774520874023440, 3),
(1, 0, 'CS', 'cs107F', 37.955928802490234, -91.774520874023440, 3),
(1, 0, 'CS', 'cs108', 37.955940246582030, -91.774597167968750, 3),
(1, 0, 'CS', 'cs109', 37.955909729003906, -91.774597167968750, 3),
(1, 0, 'CS', 'cs110', 37.955860137939450, -91.774589538574220, 3),
(1, 0, 'CS', 'cs111', 37.955841064453125, -91.774597167968750, 3),
(1, 0, 'CS', 'cs112', 37.955810546875000, -91.774597167968750, 3),
(1, 0, 'CS', 'cs113', 37.955818176269530, -91.774520874023440, 3),
(1, 0, 'CS', 'cs1EV', 37.955841064453125, -91.774230957031250, 3),
(1, 0, 'CS', 'cs1M1', 37.956001281738280, -91.774238586425780, 3),
(1, 0, 'CS', 'cs1ST1', 37.955841064453125, -91.773933410644530, 3),
(1, 0, 'CS', 'cs1ST2', 37.955818176269530, -91.774169921875000, 3),
(1, 0, 'CS', 'csB1', 37.955841064453125, -91.773948669433600, 3),
(1, 0, 'rolla', 'rG1', 37.953510284423830, -91.774162292480470, 3),
(1, 0, 'rolla', 'rG2', 37.953468322753906, -91.774192810058600, 3),
(1, 0, 'rolla', 'rG3', 37.953460693359375, -91.774131774902340, 3),
(1, 0, 'rolla', 'rG4', 37.953460693359375, -91.774131774902340, 3),
(1, 0, 'rolla', 'rG5', 37.953628540039060, -91.774017333984380, 3),
(1, 0, 'rolla', 'rG5A', 37.953548431396484, -91.774009704589840, 3),
(1, 0, 'rolla', 'rG7', 37.953559875488280, -91.774116516113280, 3),
(1, 0, 'rolla', 'rG7A', 37.953548431396484, -91.774108886718750, 3),
(1, 0, 'rolla', 'rg8', 37.953590393066406, -91.774261474609380, 3),
(1, 0, 'rolla', 'rGCR1', 37.953510284423830, -91.774139404296880, 3),
(1, 0, 'rolla', 'rGEV1', 37.953540802001950, -91.774208068847660, 3),
(1, 0, 'rolla', 'rgjc1', 37.953559875488280, -91.774230957031250, 3),
(1, 0, 'rolla', 'rGMT', 37.953578948974610, -91.774162292480470, 3),
(1, 0, 'rolla', 'rgst1', 37.953548431396484, -91.774246215820310, 3),
(1, 0, 'rolla', 'rGST2', 37.953540802001950, -91.773986816406250, 3),
(1, 0, 'rolla', 'rgvt1', 37.953521728515625, -91.774230957031250, 3),
(1, 0, 'rolla', 'rGwt', 37.953639984130860, -91.774108886718750, 3),
(1, 0, 'CS', 'cs100', 37.955818176269530, -91.774147033691400, 4),
(1, 0, 'CS', 'cs100A', 37.955829620361330, -91.774162292480470, 4),
(1, 0, 'CS', 'cs100B', 37.955810546875000, -91.774162292480470, 4),
(1, 0, 'CS', 'cs104B', 37.955940246582030, -91.774070739746100, 4),
(1, 0, 'CS', 'cs104C', 37.955928802490234, -91.774070739746100, 4),
(1, 0, 'CS', 'cs105A', 37.955951690673830, -91.774276733398440, 4),
(1, 0, 'CS', 'cs105A1', 37.955921173095700, -91.774261474609380, 4),
(1, 0, 'CS', 'cs106', 37.955921173095700, -91.774246215820310, 4),
(1, 0, 'CS', 'cs106A', 37.955879211425780, -91.774307250976560, 4),
(1, 0, 'CS', 'cs113', 37.955768585205080, -91.774513244628900, 4),
(1, 0, 'CS', 'cs1ST1', 37.955818176269530, -91.773933410644530, 4),
(1, 0, 'CS', 'cs1ST2', 37.955799102783200, -91.774169921875000, 4),
(1, 0, 'rolla', 'rG1', 37.953510284423830, -91.774162292480470, 4),
(1, 0, 'rolla', 'rG3', 37.953468322753906, -91.774131774902340, 4),
(1, 0, 'rolla', 'rG4', 37.953468322753906, -91.774131774902340, 4),
(1, 0, 'rolla', 'rG5', 37.953548431396484, -91.774017333984380, 4),
(1, 0, 'rolla', 'rG7', 37.953540802001950, -91.774116516113280, 4),
(1, 0, 'rolla', 'rGCR1', 37.953510284423830, -91.774162292480470, 4),
(1, 0, 'rolla', 'rGEV1', 37.953529357910156, -91.774208068847660, 4),
(1, 0, 'rolla', 'rGST2', 37.953529357910156, -91.773986816406250, 4),
(1, 0, 'rolla', 'rgvt1', 37.953521728515625, -91.774208068847660, 4),
(1, 0, 'rolla', 'rGwt', 37.953609466552734, -91.774108886718750, 4),
(1, 0, 'CS', 'cs100', 37.955818176269530, -91.774169921875000, 5),
(1, 0, 'CS', 'cs100A', 37.955829620361330, -91.774177551269530, 5),
(1, 0, 'CS', 'cs100B', 37.955810546875000, -91.774139404296880, 5),
(1, 0, 'CS', 'cs104B', 37.955940246582030, -91.774063110351560, 5),
(1, 0, 'CS', 'cs104C', 37.955928802490234, -91.774101257324220, 5),
(1, 0, 'CS', 'cs105A', 37.955951690673830, -91.774291992187500, 5),
(1, 0, 'CS', 'cs105A1', 37.955921173095700, -91.774246215820310, 5),
(1, 0, 'CS', 'cs106', 37.955921173095700, -91.774261474609380, 5),
(1, 0, 'CS', 'cs106A', 37.955890655517580, -91.774520874023440, 5),
(1, 0, 'CS', 'cs113', 37.955768585205080, -91.774597167968750, 5),
(1, 0, 'CS', 'cs1ST1', 37.955818176269530, -91.773971557617190, 5),
(1, 0, 'CS', 'cs1ST2', 37.955799102783200, -91.774200439453120, 5),
(1, 0, 'rolla', 'rG1', 37.953510284423830, -91.774192810058600, 5),
(1, 0, 'rolla', 'rG3', 37.953468322753906, -91.774139404296880, 5),
(1, 0, 'rolla', 'rG4', 37.953468322753906, -91.774139404296880, 5),
(1, 0, 'rolla', 'rG5', 37.953548431396484, -91.774093627929690, 5),
(1, 0, 'rolla', 'rG7', 37.953540802001950, -91.774169921875000, 5),
(1, 0, 'rolla', 'rGCR1', 37.953529357910156, -91.774162292480470, 5),
(1, 0, 'rolla', 'rGEV1', 37.953529357910156, -91.774223327636720, 5),
(1, 0, 'rolla', 'rGST2', 37.953529357910156, -91.773956298828120, 5),
(1, 0, 'rolla', 'rgvt1', 37.953521728515625, -91.774208068847660, 5),
(1, 0, 'rolla', 'rGwt', 37.953609466552734, -91.774169921875000, 5),
(1, 0, 'CS', 'cs100B', 37.955818176269530, -91.774139404296880, 6),
(1, 0, 'CS', 'cs106', 37.955890655517580, -91.774261474609380, 6),
(1, 0, 'rolla', 'rG5', 37.953559875488280, -91.774093627929690, 6),
(1, 0, 'rolla', 'rGCR1', 37.953529357910156, -91.774192810058600, 6),
(1, 0, 'rolla', 'rGEV1', 37.953540802001950, -91.774223327636720, 6),
(1, 0, 'rolla', 'rGST2', 37.953521728515625, -91.773956298828120, 6),
(1, 0, 'rolla', 'rgvt1', 37.953521728515625, -91.774246215820310, 6),
(1, 0, 'CS', 'cs100B', 37.955829620361330, -91.774131774902340, 7),
(1, 0, 'CS', 'cs106', 37.955890655517580, -91.774269104003900, 7),
(1, 0, 'rolla', 'rG5', 37.953559875488280, -91.774101257324220, 7),
(1, 0, 'rolla', 'rGCR1', 37.953628540039060, -91.774192810058600, 7),
(1, 0, 'rolla', 'rGEV1', 37.953540802001950, -91.774223327636720, 7),
(1, 0, 'rolla', 'rGST2', 37.953521728515625, -91.774009704589840, 7),
(1, 0, 'CS', 'cs100B', 37.955780029296875, -91.774131774902340, 8),
(1, 0, 'CS', 'cs106', 37.955879211425780, -91.774269104003900, 8),
(1, 0, 'rolla', 'rGCR1', 37.953628540039060, -91.774169921875000, 8),
(1, 0, 'CS', 'cs100B', 37.955780029296875, -91.774200439453120, 9),
(1, 0, 'CS', 'cs106', 37.955879211425780, -91.774307250976560, 9),
(1, 0, 'rolla', 'rGCR1', 37.953548431396484, -91.774169921875000, 9);

-- --------------------------------------------------------

--
-- Table structure for table `events`
--

CREATE TABLE IF NOT EXISTS `events` (
  `ID` smallint(6) NOT NULL,
  `name` char(30) DEFAULT NULL,
  `startDate` date DEFAULT NULL,
  `endDate` date DEFAULT NULL,
  `startTime` time DEFAULT NULL,
  `endTime` time DEFAULT NULL,
  `section` char(1) DEFAULT NULL,
  `instructor` char(30) NOT NULL,
  `room` char(10) NOT NULL,
  `days` binary(7) DEFAULT NULL
) ENGINE=InnoDB DEFAULT CHARSET=latin1;

-- --------------------------------------------------------

--
-- Table structure for table `instructors`
--

CREATE TABLE IF NOT EXISTS `instructors` (
  `fName` char(30) DEFAULT NULL,
  `lName` char(30) DEFAULT NULL,
  `dept` char(30) DEFAULT NULL,
  `office` char(5) DEFAULT NULL,
  `email` char(20) NOT NULL DEFAULT '',
  `phone` char(15) DEFAULT NULL
) ENGINE=InnoDB DEFAULT CHARSET=latin1;

-- --------------------------------------------------------

--
-- Table structure for table `rooms`
--

CREATE TABLE IF NOT EXISTS `rooms` (
  `ID` char(10) NOT NULL,
  `number` char(5) NOT NULL,
  `floor` smallint(6) DEFAULT NULL,
  `seatCount` smallint(6) DEFAULT NULL,
  `leafletID` smallint(6) DEFAULT NULL
) ENGINE=InnoDB DEFAULT CHARSET=latin1;

--
-- Dumping data for table `rooms`
--

INSERT INTO `rooms` (`ID`, `number`, `floor`, `seatCount`, `leafletID`) VALUES
('cs100', '100', 1, 0, 0),
('cs100A', '100A', 1, 0, 0),
('cs100B', '100B', 1, 0, 0),
('cs101', '101', 1, 0, 0),
('cs102', '102', 1, 0, 0),
('cs103', '103', 1, 0, 0),
('cs103A', '103A', 1, 0, 0),
('cs104', '104', 1, 0, 0),
('cs104B', '104B', 1, 0, 0),
('cs104C', '104C', 1, 0, 0),
('cs104D', '104D', 1, 0, 0),
('cs104E', '104E', 1, 0, 0),
('cs104E1', '104E1', 1, 0, 0),
('cs105', '105', 1, 0, 0),
('cs105A', '105A', 1, 0, 0),
('cs105A1', '105A1', 1, 0, 0),
('cs106', '106', 1, 0, 0),
('cs106A', '106A', 1, 0, 0),
('cs106A1', '106A1', 1, 0, 0),
('cs107', '107', 1, 0, 0),
('cs107C', '107C', 1, 0, 0),
('cs107D', '107D', 1, 0, 0),
('cs107E', '107E', 1, 0, 0),
('cs107F', '107F', 1, 0, 0),
('cs108', '108', 1, 0, 0),
('cs109', '109', 1, 0, 0),
('cs110', '110', 1, 0, 0),
('cs111', '111', 1, 0, 0),
('cs112', '112', 1, 0, 0),
('cs113', '113', 1, 0, 0),
('cs1EV', '1EV', 1, 0, 0),
('cs1M1', '1M1', 1, 0, 0),
('cs1ST1', '1ST1', 1, 0, 0),
('cs1ST2', '1ST2', 1, 0, 0),
('csB1', 'B1', 1, 0, 0),
('rG1', 'G1', 1, 0, 0),
('rG2', 'G2', 1, 0, 0),
('rG3', 'G3', 1, 0, 0),
('rG4', 'G4', 1, 0, 0),
('rG5', 'G5', 1, 0, 0),
('rG5A', 'G5A', 1, 0, 0),
('rG7', 'G7', 1, 0, 0),
('rG7A', 'G7A', 1, 0, 0),
('rg8', 'g8', 1, 0, 0),
('rGCR1', 'GCR1', 1, 0, 0),
('rGEV1', 'GEV1', 1, 0, 0),
('rgjc1', 'gjc1', 1, 0, 0),
('rGMT', 'GMT', 1, 0, 0),
('rgst1', 'gst1', 1, 0, 0),
('rGST2', 'GST2', 1, 0, 0),
('rgvt1', 'gvt1', 1, 0, 0),
('rGwt', 'Gwt', 1, 0, 0);

--
-- Indexes for dumped tables
--

--
-- Indexes for table `buildings`
--
ALTER TABLE `buildings`
  ADD PRIMARY KEY (`ID`);

--
-- Indexes for table `coordinates`
--
ALTER TABLE `coordinates`
  ADD PRIMARY KEY (`pointOrder`,`roomID`), ADD KEY `buildingID` (`buildingID`), ADD KEY `roomID` (`roomID`);

--
-- Indexes for table `events`
--
ALTER TABLE `events`
  ADD PRIMARY KEY (`ID`), ADD KEY `instructor` (`instructor`), ADD KEY `room` (`room`);

--
-- Indexes for table `instructors`
--
ALTER TABLE `instructors`
  ADD PRIMARY KEY (`email`);

--
-- Indexes for table `rooms`
--
ALTER TABLE `rooms`
  ADD PRIMARY KEY (`ID`);

--
-- AUTO_INCREMENT for dumped tables
--

--
-- AUTO_INCREMENT for table `events`
--
ALTER TABLE `events`
  MODIFY `ID` smallint(6) NOT NULL AUTO_INCREMENT;
--
-- Constraints for dumped tables
--

--
-- Constraints for table `coordinates`
--
ALTER TABLE `coordinates`
ADD CONSTRAINT `coordinates_ibfk_1` FOREIGN KEY (`buildingID`) REFERENCES `buildings` (`ID`),
ADD CONSTRAINT `coordinates_ibfk_2` FOREIGN KEY (`roomID`) REFERENCES `rooms` (`ID`);

--
-- Constraints for table `events`
--
ALTER TABLE `events`
ADD CONSTRAINT `events_ibfk_1` FOREIGN KEY (`instructor`) REFERENCES `instructors` (`email`),
ADD CONSTRAINT `events_ibfk_2` FOREIGN KEY (`room`) REFERENCES `rooms` (`ID`);

/*!40101 SET CHARACTER_SET_CLIENT=@OLD_CHARACTER_SET_CLIENT */;
/*!40101 SET CHARACTER_SET_RESULTS=@OLD_CHARACTER_SET_RESULTS */;
/*!40101 SET COLLATION_CONNECTION=@OLD_COLLATION_CONNECTION */;
