-- phpMyAdmin SQL Dump
-- version 4.2.11
-- http://www.phpmyadmin.net
--
-- Host: 127.0.0.1
-- Generation Time: Apr 22, 2015 at 04:35 AM
-- Server version: 5.6.21
-- PHP Version: 5.5.19

SET SQL_MODE = "NO_AUTO_VALUE_ON_ZERO";
SET time_zone = "+00:00";

CREATE DATABASE IF NOT EXISTS `campus_map`;
use `campus_map`;

GRANT ALL ON `campus_map`.* to 'mapuser'@'localhost' identified by 'MinerMapper15!';


/*!40101 SET @OLD_CHARACTER_SET_CLIENT=@@CHARACTER_SET_CLIENT */;
/*!40101 SET @OLD_CHARACTER_SET_RESULTS=@@CHARACTER_SET_RESULTS */;
/*!40101 SET @OLD_COLLATION_CONNECTION=@@COLLATION_CONNECTION */;
/*!40101 SET NAMES utf8 */;

--
-- Database: `campus_map`
--

-- --------------------------------------------------------

--
-- Table structure for table `buildings`
--

CREATE TABLE IF NOT EXISTS `buildings` (
  `ID` char(10) NOT NULL,
  `name` char(30) DEFAULT NULL,
  `floorCount` smallint(6) DEFAULT NULL,
  `defFloor` smallint(6) DEFAULT NULL
) ENGINE=InnoDB DEFAULT CHARSET=latin1;

--
-- Dumping data for table `buildings`
--

INSERT INTO `buildings` (`ID`, `name`, `floorCount`, `defFloor`) VALUES
('CS', 'Computer Science Building', 3, 2),
('rolla', 'Rolla Building', 4, 1);

-- --------------------------------------------------------

--
-- Table structure for table `coordinates`
--

CREATE TABLE IF NOT EXISTS `coordinates` (
  `roomFlag` tinyint(1) DEFAULT NULL,
  `outdoorFlag` tinyint(1) DEFAULT NULL,
  `buildingID` char(10) NOT NULL,
  `roomID` char(10) NOT NULL,
  `latitude` float(10,5) NOT NULL,
  `longitude` float(10,5) NOT NULL,
  `pointOrder` int(3) NOT NULL
) ENGINE=InnoDB DEFAULT CHARSET=latin1;

--
-- Dumping data for table `coordinates`
--

INSERT INTO `coordinates` (`roomFlag`, `outdoorFlag`, `buildingID`, `roomID`, `latitude`, `longitude`, `pointOrder`) VALUES
(1, 0, 'rolla', 'rG3', 37.95346, -91.77413, 3),
(1, 0, 'rolla', 'rG4', 37.95346, -91.77413, 3),
(1, 0, 'rolla', 'rG3', 37.95346, -91.77411, 2),
(1, 0, 'rolla', 'rG4', 37.95346, -91.77411, 2),
(1, 0, 'rolla', 'rG2', 37.95347, -91.77419, 3),
(1, 0, 'rolla', 'rG2', 37.95347, -91.77414, 2),
(1, 0, 'rolla', 'rG3', 37.95347, -91.77414, 5),
(1, 0, 'rolla', 'rG4', 37.95347, -91.77414, 5),
(1, 0, 'rolla', 'rG3', 37.95347, -91.77413, 4),
(1, 0, 'rolla', 'rG4', 37.95347, -91.77413, 4),
(1, 0, 'rolla', 'rG2', 37.95350, -91.77419, 0),
(1, 0, 'rolla', 'rG2', 37.95350, -91.77414, 1),
(1, 0, 'rolla', 'rG1', 37.95351, -91.77419, 5),
(1, 0, 'rolla', 'rG1', 37.95351, -91.77416, 2),
(1, 0, 'rolla', 'rGCR1', 37.95351, -91.77416, 4),
(1, 0, 'rolla', 'rGCR1', 37.95351, -91.77414, 3),
(1, 0, 'rolla', 'rgvt1', 37.95352, -91.77425, 6),
(1, 0, 'rolla', 'rgvt1', 37.95352, -91.77423, 3),
(1, 0, 'rolla', 'rgvt1', 37.95352, -91.77421, 4),
(1, 0, 'rolla', 'rG1', 37.95352, -91.77419, 0),
(1, 0, 'rolla', 'rG1', 37.95352, -91.77416, 1),
(1, 0, 'rolla', 'rG3', 37.95352, -91.77414, 0),
(1, 0, 'rolla', 'rG4', 37.95352, -91.77414, 0),
(1, 0, 'rolla', 'rG3', 37.95352, -91.77411, 1),
(1, 0, 'rolla', 'rG4', 37.95352, -91.77411, 1),
(1, 0, 'rolla', 'rGST2', 37.95352, -91.77401, 7),
(1, 0, 'rolla', 'rGST2', 37.95352, -91.77396, 6),
(1, 0, 'rolla', 'rGEV1', 37.95353, -91.77422, 5),
(1, 0, 'rolla', 'rGEV1', 37.95353, -91.77421, 4),
(1, 0, 'rolla', 'rGCR1', 37.95353, -91.77419, 6),
(1, 0, 'rolla', 'rGCR1', 37.95353, -91.77416, 5),
(1, 0, 'rolla', 'rGCR1', 37.95353, -91.77414, 2),
(1, 0, 'rolla', 'rGCR1', 37.95353, -91.77402, 1),
(1, 0, 'rolla', 'rGST2', 37.95353, -91.77399, 4),
(1, 0, 'rolla', 'rGST2', 37.95353, -91.77396, 5),
(1, 0, 'rolla', 'rGEV1', 37.95354, -91.77422, 6),
(1, 0, 'rolla', 'rgvt1', 37.95354, -91.77422, 2),
(1, 0, 'rolla', 'rGEV1', 37.95354, -91.77421, 3),
(1, 0, 'rolla', 'rGEV1', 37.95354, -91.77420, 2),
(1, 0, 'rolla', 'rG7', 37.95354, -91.77417, 5),
(1, 0, 'rolla', 'rG7', 37.95354, -91.77412, 4),
(1, 0, 'rolla', 'rGCR1', 37.95354, -91.77402, 0),
(1, 0, 'rolla', 'rGST2', 37.95354, -91.77399, 3),
(1, 0, 'rolla', 'rGST2', 37.95354, -91.77396, 2),
(1, 0, 'rolla', 'rgst1', 37.95355, -91.77425, 3),
(1, 0, 'rolla', 'rgvt1', 37.95355, -91.77425, 0),
(1, 0, 'rolla', 'rgst1', 37.95355, -91.77424, 2),
(1, 0, 'rolla', 'rGEV1', 37.95355, -91.77422, 0),
(1, 0, 'rolla', 'rgvt1', 37.95355, -91.77422, 1),
(1, 0, 'rolla', 'rGEV1', 37.95355, -91.77420, 1),
(1, 0, 'rolla', 'rGCR1', 37.95355, -91.77417, 9),
(1, 0, 'rolla', 'rG7A', 37.95355, -91.77411, 3),
(1, 0, 'rolla', 'rG7A', 37.95355, -91.77410, 2),
(1, 0, 'rolla', 'rG5', 37.95355, -91.77409, 5),
(1, 0, 'rolla', 'rG5', 37.95355, -91.77402, 4),
(1, 0, 'rolla', 'rG5A', 37.95355, -91.77401, 3),
(1, 0, 'rolla', 'rGST2', 37.95355, -91.77401, 0),
(1, 0, 'rolla', 'rGST2', 37.95355, -91.77396, 1),
(1, 0, 'rolla', 'rG5A', 37.95355, -91.77395, 2),
(1, 0, 'rolla', 'rgst1', 37.95356, -91.77425, 0),
(1, 0, 'rolla', 'rgjc1', 37.95356, -91.77423, 3),
(1, 0, 'rolla', 'rgst1', 37.95356, -91.77423, 1),
(1, 0, 'rolla', 'rgjc1', 37.95356, -91.77419, 2),
(1, 0, 'rolla', 'rG7', 37.95356, -91.77412, 3),
(1, 0, 'rolla', 'rG7', 37.95356, -91.77411, 2),
(1, 0, 'rolla', 'rG7A', 37.95356, -91.77411, 0),
(1, 0, 'rolla', 'rG5', 37.95356, -91.77410, 7),
(1, 0, 'rolla', 'rG7A', 37.95356, -91.77410, 1),
(1, 0, 'rolla', 'rG5', 37.95356, -91.77409, 6),
(1, 0, 'rolla', 'rgjc1', 37.95357, -91.77423, 0),
(1, 0, 'rolla', 'rgjc1', 37.95357, -91.77419, 1),
(1, 0, 'rolla', 'rG7', 37.95358, -91.77416, 0),
(1, 0, 'rolla', 'rGMT', 37.95358, -91.77416, 3),
(1, 0, 'rolla', 'rG7', 37.95358, -91.77411, 1),
(1, 0, 'rolla', 'rGMT', 37.95358, -91.77411, 2),
(1, 0, 'rolla', 'rg8', 37.95359, -91.77426, 3),
(1, 0, 'rolla', 'rg8', 37.95359, -91.77421, 2),
(1, 0, 'rolla', 'rG5A', 37.95359, -91.77401, 0),
(1, 0, 'rolla', 'rG5A', 37.95359, -91.77395, 1),
(1, 0, 'rolla', 'rGMT', 37.95361, -91.77417, 0),
(1, 0, 'rolla', 'rGwt', 37.95361, -91.77417, 5),
(1, 0, 'rolla', 'rGMT', 37.95361, -91.77411, 1),
(1, 0, 'rolla', 'rGwt', 37.95361, -91.77411, 4),
(1, 0, 'rolla', 'rg8', 37.95363, -91.77426, 0),
(1, 0, 'rolla', 'rg8', 37.95363, -91.77421, 1),
(1, 0, 'rolla', 'rGCR1', 37.95363, -91.77419, 7),
(1, 0, 'rolla', 'rGCR1', 37.95363, -91.77417, 8),
(1, 0, 'rolla', 'rGwt', 37.95363, -91.77416, 0),
(1, 0, 'rolla', 'rGwt', 37.95363, -91.77413, 1),
(1, 0, 'rolla', 'rG5', 37.95363, -91.77408, 2),
(1, 0, 'rolla', 'rG5', 37.95363, -91.77402, 3),
(1, 0, 'rolla', 'rGwt', 37.95364, -91.77413, 2),
(1, 0, 'rolla', 'rGwt', 37.95364, -91.77411, 3),
(1, 0, 'rolla', 'rG5', 37.95364, -91.77410, 0),
(1, 0, 'rolla', 'rG5', 37.95364, -91.77408, 1),
(1, 0, 'CS', 'cs113', 37.95577, -91.77460, 5),
(1, 0, 'CS', 'cs113', 37.95577, -91.77451, 4),
(1, 0, 'CS', 'cs100B', 37.95578, -91.77420, 9),
(1, 0, 'CS', 'cs100B', 37.95578, -91.77417, 2),
(1, 0, 'CS', 'cs100B', 37.95578, -91.77413, 8),
(1, 0, 'CS', 'cs101', 37.95578, -91.77413, 3),
(1, 0, 'CS', 'cs101', 37.95578, -91.77405, 2),
(1, 0, 'CS', 'cs102', 37.95578, -91.77405, 3),
(1, 0, 'CS', 'cs102', 37.95578, -91.77397, 2),
(1, 0, 'CS', 'cs100B', 37.95579, -91.77416, 3),
(1, 0, 'CS', 'cs113', 37.95580, -91.77453, 1),
(1, 0, 'CS', 'cs100B', 37.95580, -91.77420, 0),
(1, 0, 'CS', 'cs1ST2', 37.95580, -91.77420, 5),
(1, 0, 'CS', 'cs100B', 37.95580, -91.77417, 1),
(1, 0, 'CS', 'cs1ST2', 37.95580, -91.77417, 4),
(1, 0, 'CS', 'cs112', 37.95581, -91.77460, 3),
(1, 0, 'CS', 'cs113', 37.95581, -91.77460, 0),
(1, 0, 'CS', 'cs112', 37.95581, -91.77453, 2),
(1, 0, 'CS', 'cs100B', 37.95581, -91.77416, 4),
(1, 0, 'CS', 'cs100B', 37.95581, -91.77414, 5),
(1, 0, 'CS', 'cs113', 37.95582, -91.77453, 2),
(1, 0, 'CS', 'cs113', 37.95582, -91.77452, 3),
(1, 0, 'CS', 'cs1ST2', 37.95582, -91.77418, 2),
(1, 0, 'CS', 'cs100', 37.95582, -91.77417, 5),
(1, 0, 'CS', 'cs1ST2', 37.95582, -91.77417, 3),
(1, 0, 'CS', 'cs100', 37.95582, -91.77415, 4),
(1, 0, 'CS', 'cs100B', 37.95582, -91.77414, 6),
(1, 0, 'CS', 'cs1ST1', 37.95582, -91.77397, 5),
(1, 0, 'CS', 'cs1ST1', 37.95582, -91.77393, 4),
(1, 0, 'CS', 'cs112', 37.95583, -91.77459, 0),
(1, 0, 'CS', 'cs112', 37.95583, -91.77453, 1),
(1, 0, 'CS', 'cs100A', 37.95583, -91.77418, 5),
(1, 0, 'CS', 'cs100', 37.95583, -91.77417, 0),
(1, 0, 'CS', 'cs100', 37.95583, -91.77416, 1),
(1, 0, 'CS', 'cs100A', 37.95583, -91.77416, 4),
(1, 0, 'CS', 'cs100', 37.95583, -91.77415, 3),
(1, 0, 'CS', 'cs100A', 37.95583, -91.77415, 2),
(1, 0, 'CS', 'cs100B', 37.95583, -91.77413, 7),
(1, 0, 'CS', 'cs111', 37.95584, -91.77460, 3),
(1, 0, 'CS', 'cs111', 37.95584, -91.77453, 2),
(1, 0, 'CS', 'cs1EV', 37.95584, -91.77423, 3),
(1, 0, 'CS', 'cs1EV', 37.95584, -91.77421, 2),
(1, 0, 'CS', 'cs100A', 37.95584, -91.77416, 3),
(1, 0, 'CS', 'cs1ST1', 37.95584, -91.77395, 2),
(1, 0, 'CS', 'csB1', 37.95584, -91.77395, 3),
(1, 0, 'CS', 'cs1ST1', 37.95584, -91.77393, 3),
(1, 0, 'CS', 'csB1', 37.95584, -91.77393, 2),
(1, 0, 'CS', 'cs111', 37.95586, -91.77460, 0),
(1, 0, 'CS', 'cs110', 37.95586, -91.77459, 3),
(1, 0, 'CS', 'cs110', 37.95586, -91.77453, 2),
(1, 0, 'CS', 'cs111', 37.95586, -91.77453, 1),
(1, 0, 'CS', 'cs1EV', 37.95586, -91.77423, 0),
(1, 0, 'CS', 'cs1EV', 37.95586, -91.77421, 1),
(1, 0, 'CS', 'cs1ST2', 37.95586, -91.77420, 0),
(1, 0, 'CS', 'cs1ST2', 37.95586, -91.77419, 1),
(1, 0, 'CS', 'cs100A', 37.95586, -91.77418, 0),
(1, 0, 'CS', 'cs100A', 37.95586, -91.77414, 1),
(1, 0, 'CS', 'cs101', 37.95586, -91.77413, 0),
(1, 0, 'CS', 'cs101', 37.95586, -91.77405, 1),
(1, 0, 'CS', 'cs102', 37.95586, -91.77405, 0),
(1, 0, 'CS', 'cs102', 37.95586, -91.77397, 1),
(1, 0, 'CS', 'cs1ST1', 37.95586, -91.77397, 0),
(1, 0, 'CS', 'cs1ST1', 37.95586, -91.77395, 1),
(1, 0, 'CS', 'cs106', 37.95588, -91.77431, 9),
(1, 0, 'CS', 'cs106A', 37.95588, -91.77431, 4),
(1, 0, 'CS', 'cs106', 37.95588, -91.77427, 8),
(1, 0, 'CS', 'cs105', 37.95588, -91.77420, 3),
(1, 0, 'CS', 'csB1', 37.95588, -91.77395, 0),
(1, 0, 'CS', 'csB1', 37.95588, -91.77393, 1),
(1, 0, 'CS', 'cs106A', 37.95589, -91.77452, 5),
(1, 0, 'CS', 'cs106', 37.95589, -91.77427, 7),
(1, 0, 'CS', 'cs105A1', 37.95589, -91.77426, 3),
(1, 0, 'CS', 'cs106', 37.95589, -91.77426, 6),
(1, 0, 'CS', 'cs105A1', 37.95589, -91.77420, 2),
(1, 0, 'CS', 'cs104', 37.95589, -91.77416, 3),
(1, 0, 'CS', 'cs105', 37.95589, -91.77416, 2),
(1, 0, 'CS', 'cs103', 37.95589, -91.77405, 3),
(1, 0, 'CS', 'cs104', 37.95589, -91.77405, 2),
(1, 0, 'CS', 'cs103', 37.95589, -91.77397, 2),
(1, 0, 'CS', 'cs109', 37.95591, -91.77460, 3),
(1, 0, 'CS', 'cs110', 37.95591, -91.77459, 0),
(1, 0, 'CS', 'cs109', 37.95591, -91.77453, 2),
(1, 0, 'CS', 'cs110', 37.95591, -91.77453, 1),
(1, 0, 'CS', 'cs106A', 37.95591, -91.77452, 0),
(1, 0, 'CS', 'cs106A1', 37.95591, -91.77452, 3),
(1, 0, 'CS', 'cs106A', 37.95591, -91.77449, 1),
(1, 0, 'CS', 'cs106A1', 37.95591, -91.77449, 2),
(1, 0, 'CS', 'cs106A1', 37.95592, -91.77452, 0),
(1, 0, 'CS', 'cs106A', 37.95592, -91.77449, 2),
(1, 0, 'CS', 'cs106A1', 37.95592, -91.77449, 1),
(1, 0, 'CS', 'cs106', 37.95592, -91.77431, 0),
(1, 0, 'CS', 'cs106A', 37.95592, -91.77431, 3),
(1, 0, 'CS', 'cs106', 37.95592, -91.77430, 1),
(1, 0, 'CS', 'cs107', 37.95592, -91.77430, 2),
(1, 0, 'CS', 'cs105A1', 37.95592, -91.77426, 4),
(1, 0, 'CS', 'cs106', 37.95592, -91.77426, 5),
(1, 0, 'CS', 'cs105A1', 37.95592, -91.77425, 5),
(1, 0, 'CS', 'cs106', 37.95592, -91.77425, 4),
(1, 0, 'CS', 'cs107F', 37.95593, -91.77452, 3),
(1, 0, 'CS', 'cs107', 37.95593, -91.77442, 3),
(1, 0, 'CS', 'cs107F', 37.95593, -91.77442, 2),
(1, 0, 'CS', 'cs106', 37.95593, -91.77430, 2),
(1, 0, 'CS', 'cs105A', 37.95593, -91.77428, 3),
(1, 0, 'CS', 'cs105A1', 37.95593, -91.77425, 0),
(1, 0, 'CS', 'cs106', 37.95593, -91.77425, 3),
(1, 0, 'CS', 'cs104E1', 37.95593, -91.77421, 3),
(1, 0, 'CS', 'cs105A', 37.95593, -91.77421, 2),
(1, 0, 'CS', 'cs105', 37.95593, -91.77420, 0),
(1, 0, 'CS', 'cs105A1', 37.95593, -91.77420, 1),
(1, 0, 'CS', 'cs104E1', 37.95593, -91.77418, 2),
(1, 0, 'CS', 'cs104E', 37.95593, -91.77417, 3),
(1, 0, 'CS', 'cs104', 37.95593, -91.77416, 0),
(1, 0, 'CS', 'cs105', 37.95593, -91.77416, 1),
(1, 0, 'CS', 'cs104D', 37.95593, -91.77414, 3),
(1, 0, 'CS', 'cs104E', 37.95593, -91.77414, 2),
(1, 0, 'CS', 'cs104C', 37.95593, -91.77410, 5),
(1, 0, 'CS', 'cs104D', 37.95593, -91.77410, 2),
(1, 0, 'CS', 'cs104B', 37.95593, -91.77407, 3),
(1, 0, 'CS', 'cs104C', 37.95593, -91.77407, 4),
(1, 0, 'CS', 'cs103', 37.95593, -91.77405, 0),
(1, 0, 'CS', 'cs104', 37.95593, -91.77405, 1),
(1, 0, 'CS', 'cs103A', 37.95593, -91.77402, 3),
(1, 0, 'CS', 'cs104B', 37.95593, -91.77402, 2),
(1, 0, 'CS', 'cs103', 37.95593, -91.77398, 1),
(1, 0, 'CS', 'cs103A', 37.95593, -91.77398, 2),
(1, 0, 'CS', 'cs108', 37.95594, -91.77460, 3),
(1, 0, 'CS', 'cs109', 37.95594, -91.77460, 0),
(1, 0, 'CS', 'cs108', 37.95594, -91.77454, 2),
(1, 0, 'CS', 'cs109', 37.95594, -91.77453, 1),
(1, 0, 'CS', 'cs104B', 37.95594, -91.77407, 4),
(1, 0, 'CS', 'cs104C', 37.95594, -91.77407, 3),
(1, 0, 'CS', 'cs104B', 37.95594, -91.77406, 5),
(1, 0, 'CS', 'cs104C', 37.95594, -91.77406, 2),
(1, 0, 'CS', 'cs105A', 37.95595, -91.77429, 5),
(1, 0, 'CS', 'cs105A', 37.95595, -91.77428, 4),
(1, 0, 'CS', 'cs108', 37.95597, -91.77459, 0),
(1, 0, 'CS', 'cs108', 37.95597, -91.77453, 1),
(1, 0, 'CS', 'cs105A', 37.95597, -91.77429, 0),
(1, 0, 'CS', 'cs104E1', 37.95597, -91.77421, 0),
(1, 0, 'CS', 'cs105A', 37.95597, -91.77421, 1),
(1, 0, 'CS', 'cs104E1', 37.95597, -91.77418, 1),
(1, 0, 'CS', 'cs104E', 37.95597, -91.77417, 0),
(1, 0, 'CS', 'cs104D', 37.95597, -91.77414, 0),
(1, 0, 'CS', 'cs104E', 37.95597, -91.77414, 1),
(1, 0, 'CS', 'cs104C', 37.95597, -91.77410, 0),
(1, 0, 'CS', 'cs104D', 37.95597, -91.77410, 1),
(1, 0, 'CS', 'cs104B', 37.95597, -91.77406, 0),
(1, 0, 'CS', 'cs104C', 37.95597, -91.77406, 1),
(1, 0, 'CS', 'cs103A', 37.95597, -91.77402, 0),
(1, 0, 'CS', 'cs104B', 37.95597, -91.77402, 1),
(1, 0, 'CS', 'cs103A', 37.95597, -91.77398, 1),
(1, 0, 'CS', 'cs107E', 37.95600, -91.77452, 3),
(1, 0, 'CS', 'cs107F', 37.95600, -91.77452, 0),
(1, 0, 'CS', 'cs107D', 37.95600, -91.77448, 3),
(1, 0, 'CS', 'cs107', 37.95600, -91.77442, 0),
(1, 0, 'CS', 'cs107C', 37.95600, -91.77442, 3),
(1, 0, 'CS', 'cs107F', 37.95600, -91.77442, 1),
(1, 0, 'CS', 'cs107', 37.95600, -91.77430, 1),
(1, 0, 'CS', 'cs1M1', 37.95600, -91.77424, 3),
(1, 0, 'CS', 'cs1M1', 37.95600, -91.77421, 2),
(1, 0, 'CS', 'cs107E', 37.95601, -91.77448, 2),
(1, 0, 'CS', 'cs107D', 37.95601, -91.77442, 2),
(1, 0, 'CS', 'cs107C', 37.95601, -91.77426, 2),
(1, 0, 'CS', 'cs107E', 37.95603, -91.77452, 0),
(1, 0, 'CS', 'cs107D', 37.95603, -91.77448, 0),
(1, 0, 'CS', 'cs107E', 37.95603, -91.77448, 1),
(1, 0, 'CS', 'cs107C', 37.95603, -91.77442, 0),
(1, 0, 'CS', 'cs107D', 37.95603, -91.77442, 1),
(1, 0, 'CS', 'cs107C', 37.95603, -91.77425, 1),
(1, 0, 'CS', 'cs1M1', 37.95605, -91.77424, 0),
(1, 0, 'CS', 'cs1M1', 37.95605, -91.77421, 1);

-- --------------------------------------------------------

--
-- Table structure for table `events`
--

CREATE TABLE IF NOT EXISTS `events` (
`ID` smallint(6) NOT NULL,
  `name` char(30) DEFAULT NULL,
  `startDate` date DEFAULT NULL,
  `endDate` date DEFAULT NULL,
  `startTime` time DEFAULT NULL,
  `endTime` time DEFAULT NULL,
  `section` char(1) DEFAULT NULL,
  `instructor` char(30) NOT NULL,
  `room` char(10) NOT NULL,
  `days` binary(7) DEFAULT NULL
) ENGINE=InnoDB DEFAULT CHARSET=latin1;

-- --------------------------------------------------------

--
-- Table structure for table `instructors`
--

CREATE TABLE IF NOT EXISTS `instructors` (
  `fName` char(30) DEFAULT NULL,
  `lName` char(30) DEFAULT NULL,
  `dept` char(30) DEFAULT NULL,
  `office` char(5) DEFAULT NULL,
  `email` char(20) NOT NULL DEFAULT '',
  `phone` char(15) DEFAULT NULL
) ENGINE=InnoDB DEFAULT CHARSET=latin1;

-- --------------------------------------------------------

--
-- Table structure for table `rooms`
--

CREATE TABLE IF NOT EXISTS `rooms` (
  `ID` char(10) NOT NULL,
  `number` char(5) NOT NULL,
  `floor` smallint(6) DEFAULT NULL,
  `seatCount` smallint(6) DEFAULT NULL,
  `leafletID` smallint(6) DEFAULT NULL
) ENGINE=InnoDB DEFAULT CHARSET=latin1;

--
-- Dumping data for table `rooms`
--

INSERT INTO `rooms` (`ID`, `number`, `floor`, `seatCount`, `leafletID`) VALUES
('cs100', '100', 1, 0, 0),
('cs100A', '100A', 1, 0, 0),
('cs100B', '100B', 1, 0, 0),
('cs101', '101', 1, 0, 0),
('cs102', '102', 1, 0, 0),
('cs103', '103', 1, 0, 0),
('cs103A', '103A', 1, 0, 0),
('cs104', '104', 1, 0, 0),
('cs104B', '104B', 1, 0, 0),
('cs104C', '104C', 1, 0, 0),
('cs104D', '104D', 1, 0, 0),
('cs104E', '104E', 1, 0, 0),
('cs104E1', '104E1', 1, 0, 0),
('cs105', '105', 1, 0, 0),
('cs105A', '105A', 1, 0, 0),
('cs105A1', '105A1', 1, 0, 0),
('cs106', '106', 1, 0, 0),
('cs106A', '106A', 1, 0, 0),
('cs106A1', '106A1', 1, 0, 0),
('cs107', '107', 1, 0, 0),
('cs107C', '107C', 1, 0, 0),
('cs107D', '107D', 1, 0, 0),
('cs107E', '107E', 1, 0, 0),
('cs107F', '107F', 1, 0, 0),
('cs108', '108', 1, 0, 0),
('cs109', '109', 1, 0, 0),
('cs110', '110', 1, 0, 0),
('cs111', '111', 1, 0, 0),
('cs112', '112', 1, 0, 0),
('cs113', '113', 1, 0, 0),
('cs1EV', '1EV', 1, 0, 0),
('cs1M1', '1M1', 1, 0, 0),
('cs1ST1', '1ST1', 1, 0, 0),
('cs1ST2', '1ST2', 1, 0, 0),
('csB1', 'B1', 1, 0, 0),
('rG1', 'G1', 1, 0, 0),
('rG2', 'G2', 1, 0, 0),
('rG3', 'G3', 1, 0, 0),
('rG4', 'G4', 1, 0, 0),
('rG5', 'G5', 1, 0, 0),
('rG5A', 'G5A', 1, 0, 0),
('rG7', 'G7', 1, 0, 0),
('rG7A', 'G7A', 1, 0, 0),
('rg8', ' g8', 1, 0, 0),
('rGCR1', 'GCR1', 1, 0, 0),
('rGEV1', 'GEV1', 1, 0, 0),
('rgjc1', 'gjc1', 1, 0, 0),
('rGMT', 'GMT', 1, 0, 0),
('rgst1', ' gst1', 1, 0, 0),
('rGST2', 'GST2', 1, 0, 0),
('rgvt1', 'gvt1', 1, 0, 0),
('rGwt', 'Gwt', 1, 0, 0);

--
-- Indexes for dumped tables
--

--
-- Indexes for table `buildings`
--
ALTER TABLE `buildings`
 ADD PRIMARY KEY (`ID`);

--
-- Indexes for table `coordinates`
--
ALTER TABLE `coordinates`
 ADD PRIMARY KEY (`latitude`,`longitude`,`roomID`), ADD KEY `buildingID` (`buildingID`), ADD KEY `roomID` (`roomID`);

--
-- Indexes for table `events`
--
ALTER TABLE `events`
 ADD PRIMARY KEY (`ID`), ADD KEY `instructor` (`instructor`), ADD KEY `room` (`room`);

--
-- Indexes for table `instructors`
--
ALTER TABLE `instructors`
 ADD PRIMARY KEY (`email`);

--
-- Indexes for table `rooms`
--
ALTER TABLE `rooms`
 ADD PRIMARY KEY (`ID`);

--
-- AUTO_INCREMENT for dumped tables
--

--
-- AUTO_INCREMENT for table `events`
--
ALTER TABLE `events`
MODIFY `ID` smallint(6) NOT NULL AUTO_INCREMENT;
--
-- Constraints for dumped tables
--

--
-- Constraints for table `coordinates`
--
ALTER TABLE `coordinates`
ADD CONSTRAINT `coordinates_ibfk_1` FOREIGN KEY (`buildingID`) REFERENCES `buildings` (`ID`),
ADD CONSTRAINT `coordinates_ibfk_2` FOREIGN KEY (`roomID`) REFERENCES `rooms` (`ID`);

--
-- Constraints for table `events`
--
ALTER TABLE `events`
ADD CONSTRAINT `events_ibfk_1` FOREIGN KEY (`instructor`) REFERENCES `instructors` (`email`),
ADD CONSTRAINT `events_ibfk_2` FOREIGN KEY (`room`) REFERENCES `rooms` (`ID`);

/*!40101 SET CHARACTER_SET_CLIENT=@OLD_CHARACTER_SET_CLIENT */;
/*!40101 SET CHARACTER_SET_RESULTS=@OLD_CHARACTER_SET_RESULTS */;
/*!40101 SET COLLATION_CONNECTION=@OLD_COLLATION_CONNECTION */;
