-- phpMyAdmin SQL Dump
-- version 4.3.11
-- http://www.phpmyadmin.net
--
-- Host: 127.0.0.1
-- Generation Time: May 04, 2015 at 12:23 AM
-- Server version: 5.6.24
-- PHP Version: 5.5.24

SET SQL_MODE = "NO_AUTO_VALUE_ON_ZERO";
SET time_zone = "+00:00";

CREATE DATABASE IF NOT EXISTS `campus_map`;
use `campus_map`;

GRANT ALL ON `campus_map`.* to 'mapuser'@'localhost' identified by 'MinerMapper15!';


/*!40101 SET @OLD_CHARACTER_SET_CLIENT=@@CHARACTER_SET_CLIENT */;
/*!40101 SET @OLD_CHARACTER_SET_RESULTS=@@CHARACTER_SET_RESULTS */;
/*!40101 SET @OLD_COLLATION_CONNECTION=@@COLLATION_CONNECTION */;
/*!40101 SET NAMES utf8 */;

--
-- Database: `campus_map`
--

-- --------------------------------------------------------

--
-- Table structure for table `buildings`
--

CREATE TABLE IF NOT EXISTS `buildings` (
  `ID` char(10) NOT NULL,
  `name` char(30) DEFAULT NULL,
  `floorCount` smallint(6) DEFAULT NULL,
  `defFloor` smallint(6) DEFAULT NULL
) ENGINE=InnoDB DEFAULT CHARSET=latin1;

--
-- Dumping data for table `buildings`
--

INSERT INTO `buildings` (`ID`, `name`, `floorCount`, `defFloor`) VALUES
('CS', ' Computer Science', 3, 2),
('rolla', ' Rolla Building', 4, 1);

-- --------------------------------------------------------

--
-- Table structure for table `coordinates`
--

CREATE TABLE IF NOT EXISTS `coordinates` (
  `roomFlag` tinyint(1) DEFAULT NULL,
  `outdoorFlag` tinyint(1) DEFAULT NULL,
  `buildingID` char(10) NOT NULL,
  `roomID` char(10) NOT NULL,
  `latitude` float(20,15) NOT NULL,
  `longitude` float(20,15) NOT NULL,
  `pointOrder` int(3) NOT NULL
) ENGINE=InnoDB DEFAULT CHARSET=latin1;

--
-- Dumping data for table `coordinates`
--

INSERT INTO `coordinates` (`roomFlag`, `outdoorFlag`, `buildingID`, `roomID`, `latitude`, `longitude`, `pointOrder`) VALUES
(1, 0, 'CS', 'cs100', 37.955829620361330, -91.774162292480470, 0),
(1, 0, 'CS', 'cs100A', 37.955860137939450, -91.774185180664060, 0),
(1, 0, 'CS', 'cs100B', 37.955799102783200, -91.774200439453120, 0),
(1, 0, 'CS', 'cs101', 37.955860137939450, -91.774131774902340, 0),
(1, 0, 'CS', 'cs102', 37.955860137939450, -91.774047851562500, 0),
(1, 0, 'CS', 'cs103', 37.955928802490234, -91.774055480957030, 0),
(1, 0, 'CS', 'cs103A', 37.955966949462890, -91.774024963378900, 0),
(1, 0, 'CS', 'cs104', 37.955928802490234, -91.774154663085940, 0),
(1, 0, 'CS', 'cs104B', 37.955966949462890, -91.774063110351560, 0),
(1, 0, 'CS', 'cs104C', 37.955966949462890, -91.774101257324220, 0),
(1, 0, 'CS', 'cs104D', 37.955970764160156, -91.774139404296880, 0),
(1, 0, 'CS', 'cs104E', 37.955970764160156, -91.774177551269530, 0),
(1, 0, 'CS', 'cs104E1', 37.955966949462890, -91.774208068847660, 0),
(1, 0, 'CS', 'cs105', 37.955928802490234, -91.774200439453120, 0),
(1, 0, 'CS', 'cs105A', 37.955970764160156, -91.774284362792970, 0),
(1, 0, 'CS', 'cs105A1', 37.955928802490234, -91.774246215820310, 0),
(1, 0, 'CS', 'cs106', 37.955924987792970, -91.774307250976560, 0),
(1, 0, 'CS', 'cs106A', 37.955909729003906, -91.774520874023440, 0),
(1, 0, 'CS', 'cs106A1', 37.955921173095700, -91.774520874023440, 0),
(1, 0, 'CS', 'cs107', 37.956005096435550, -91.774414062500000, 0),
(1, 0, 'CS', 'cs107C', 37.956035614013670, -91.774414062500000, 0),
(1, 0, 'CS', 'cs107D', 37.956035614013670, -91.774482727050780, 0),
(1, 0, 'CS', 'cs107E', 37.956035614013670, -91.774513244628900, 0),
(1, 0, 'CS', 'cs107F', 37.956001281738280, -91.774513244628900, 0),
(1, 0, 'CS', 'cs108', 37.955966949462890, -91.774597167968750, 0),
(1, 0, 'CS', 'cs109', 37.955940246582030, -91.774597167968750, 0),
(1, 0, 'CS', 'cs110', 37.955909729003906, -91.774597167968750, 0),
(1, 0, 'CS', 'cs111', 37.955863952636720, -91.774597167968750, 0),
(1, 0, 'CS', 'cs112', 37.955833435058594, -91.774597167968750, 0),
(1, 0, 'CS', 'cs113', 37.955806732177734, -91.774597167968750, 0),
(1, 0, 'CS', 'cs1EV', 37.955856323242190, -91.774230957031250, 0),
(1, 0, 'CS', 'cs1M1', 37.956047058105470, -91.774238586425780, 0),
(1, 0, 'CS', 'cs1ST1', 37.955860137939450, -91.773971557617190, 0),
(1, 0, 'CS', 'cs1ST2', 37.955860137939450, -91.774200439453120, 0),
(1, 0, 'CS', 'csB1', 37.955883026123050, -91.773956298828120, 0),
(1, 0, 'rolla', 'rG1', 37.953525543212890, -91.774192810058600, 0),
(1, 0, 'rolla', 'rG2', 37.953506469726560, -91.774192810058600, 0),
(1, 0, 'rolla', 'rG3', 37.953525543212890, -91.774139404296880, 0),
(1, 0, 'rolla', 'rG4', 37.953525543212890, -91.774139404296880, 0),
(1, 0, 'rolla', 'rG5', 37.953639984130860, -91.774101257324220, 0),
(1, 0, 'rolla', 'rG5A', 37.953586578369140, -91.774009704589840, 0),
(1, 0, 'rolla', 'rG7', 37.953582763671875, -91.774162292480470, 0),
(1, 0, 'rolla', 'rG7A', 37.953556060791016, -91.774108886718750, 0),
(1, 0, 'rolla', 'rg8', 37.953636169433594, -91.774261474609380, 0),
(1, 0, 'rolla', 'rGCR1', 37.953544616699220, -91.774017333984380, 0),
(1, 0, 'rolla', 'rGEV1', 37.953544616699220, -91.774223327636720, 0),
(1, 0, 'rolla', 'rgjc1', 37.953575134277344, -91.774230957031250, 0),
(1, 0, 'rolla', 'rGMT', 37.953605651855470, -91.774162292480470, 0),
(1, 0, 'rolla', 'rgst1', 37.953563690185550, -91.774253845214840, 0),
(1, 0, 'rolla', 'rGST2', 37.953552246093750, -91.774009704589840, 0),
(1, 0, 'rolla', 'rgvt1', 37.953548431396484, -91.774253845214840, 0),
(1, 0, 'rolla', 'rGwt', 37.953632354736330, -91.774162292480470, 0),
(1, 0, 'CS', 'cs100', 37.955829620361330, -91.774162292480470, 1),
(1, 0, 'CS', 'cs100A', 37.955860137939450, -91.774139404296880, 1),
(1, 0, 'CS', 'cs100B', 37.955799102783200, -91.774169921875000, 1),
(1, 0, 'CS', 'cs101', 37.955860137939450, -91.774047851562500, 1),
(1, 0, 'CS', 'cs102', 37.955860137939450, -91.773971557617190, 1),
(1, 0, 'CS', 'cs103', 37.955928802490234, -91.773979187011720, 1),
(1, 0, 'CS', 'cs103A', 37.955966949462890, -91.773979187011720, 1),
(1, 0, 'CS', 'cs104', 37.955928802490234, -91.774055480957030, 1),
(1, 0, 'CS', 'cs104B', 37.955966949462890, -91.774024963378900, 1),
(1, 0, 'CS', 'cs104C', 37.955966949462890, -91.774063110351560, 1),
(1, 0, 'CS', 'cs104D', 37.955966949462890, -91.774101257324220, 1),
(1, 0, 'CS', 'cs104E', 37.955966949462890, -91.774139404296880, 1),
(1, 0, 'CS', 'cs104E1', 37.955966949462890, -91.774177551269530, 1),
(1, 0, 'CS', 'cs105', 37.955924987792970, -91.774154663085940, 1),
(1, 0, 'CS', 'cs105A', 37.955966949462890, -91.774208068847660, 1),
(1, 0, 'CS', 'cs105A1', 37.955928802490234, -91.774200439453120, 1),
(1, 0, 'CS', 'cs106', 37.955924987792970, -91.774299621582030, 1),
(1, 0, 'CS', 'cs106A', 37.955909729003906, -91.774490356445310, 1),
(1, 0, 'CS', 'cs106A1', 37.955921173095700, -91.774490356445310, 1),
(1, 0, 'CS', 'cs107', 37.956001281738280, -91.774299621582030, 1),
(1, 0, 'CS', 'cs107C', 37.956035614013670, -91.774253845214840, 1),
(1, 0, 'CS', 'cs107D', 37.956035614013670, -91.774414062500000, 1),
(1, 0, 'CS', 'cs107E', 37.956035614013670, -91.774482727050780, 1),
(1, 0, 'CS', 'cs107F', 37.956005096435550, -91.774414062500000, 1),
(1, 0, 'CS', 'cs108', 37.955966949462890, -91.774536132812500, 1),
(1, 0, 'CS', 'cs109', 37.955940246582030, -91.774536132812500, 1),
(1, 0, 'CS', 'cs110', 37.955909729003906, -91.774536132812500, 1),
(1, 0, 'CS', 'cs111', 37.955863952636720, -91.774536132812500, 1),
(1, 0, 'CS', 'cs112', 37.955833435058594, -91.774536132812500, 1),
(1, 0, 'CS', 'cs113', 37.955806732177734, -91.774536132812500, 1),
(1, 0, 'CS', 'cs1EV', 37.955856323242190, -91.774208068847660, 1),
(1, 0, 'CS', 'cs1M1', 37.956047058105470, -91.774208068847660, 1),
(1, 0, 'CS', 'cs1ST1', 37.955860137939450, -91.773956298828120, 1),
(1, 0, 'CS', 'cs1ST2', 37.955860137939450, -91.774185180664060, 1),
(1, 0, 'CS', 'csB1', 37.955883026123050, -91.773925781250000, 1),
(1, 0, 'rolla', 'rG1', 37.953525543212890, -91.774162292480470, 1),
(1, 0, 'rolla', 'rG2', 37.953506469726560, -91.774139404296880, 1),
(1, 0, 'rolla', 'rG3', 37.953525543212890, -91.774108886718750, 1),
(1, 0, 'rolla', 'rG4', 37.953525543212890, -91.774108886718750, 1),
(1, 0, 'rolla', 'rG5', 37.953639984130860, -91.774078369140620, 1),
(1, 0, 'rolla', 'rG5A', 37.953586578369140, -91.773948669433600, 1),
(1, 0, 'rolla', 'rG7', 37.953582763671875, -91.774108886718750, 1),
(1, 0, 'rolla', 'rG7A', 37.953559875488280, -91.774093627929690, 1),
(1, 0, 'rolla', 'rg8', 37.953632354736330, -91.774208068847660, 1),
(1, 0, 'rolla', 'rGCR1', 37.953525543212890, -91.774017333984380, 1),
(1, 0, 'rolla', 'rGEV1', 37.953544616699220, -91.774200439453120, 1),
(1, 0, 'rolla', 'rgjc1', 37.953571319580080, -91.774192810058600, 1),
(1, 0, 'rolla', 'rGMT', 37.953605651855470, -91.774108886718750, 1),
(1, 0, 'rolla', 'rgst1', 37.953563690185550, -91.774238586425780, 1),
(1, 0, 'rolla', 'rGST2', 37.953552246093750, -91.773956298828120, 1),
(1, 0, 'rolla', 'rgvt1', 37.953548431396484, -91.774223327636720, 1),
(1, 0, 'rolla', 'rGwt', 37.953632354736330, -91.774131774902340, 1),
(1, 0, 'CS', 'cs100', 37.955833435058594, -91.774162292480470, 2),
(1, 0, 'CS', 'cs100A', 37.955833435058594, -91.774147033691400, 2),
(1, 0, 'CS', 'cs100B', 37.955783843994140, -91.774169921875000, 2),
(1, 0, 'CS', 'cs101', 37.955776214599610, -91.774055480957030, 2),
(1, 0, 'CS', 'cs102', 37.955776214599610, -91.773971557617190, 2),
(1, 0, 'CS', 'cs103', 37.955886840820310, -91.773971557617190, 2),
(1, 0, 'CS', 'cs103A', 37.955928802490234, -91.773979187011720, 2),
(1, 0, 'CS', 'cs104', 37.955886840820310, -91.774055480957030, 2),
(1, 0, 'CS', 'cs104B', 37.955928802490234, -91.774024963378900, 2),
(1, 0, 'CS', 'cs104C', 37.955940246582030, -91.774063110351560, 2),
(1, 0, 'CS', 'cs104D', 37.955928802490234, -91.774101257324220, 2),
(1, 0, 'CS', 'cs104E', 37.955928802490234, -91.774139404296880, 2),
(1, 0, 'CS', 'cs104E1', 37.955928802490234, -91.774177551269530, 2),
(1, 0, 'CS', 'cs105', 37.955886840820310, -91.774154663085940, 2),
(1, 0, 'CS', 'cs105A', 37.955928802490234, -91.774208068847660, 2),
(1, 0, 'CS', 'cs105A1', 37.955890655517580, -91.774208068847660, 2),
(1, 0, 'CS', 'cs106', 37.955928802490234, -91.774299621582030, 2),
(1, 0, 'CS', 'cs106A', 37.955921173095700, -91.774490356445310, 2),
(1, 0, 'CS', 'cs106A1', 37.955909729003906, -91.774490356445310, 2),
(1, 0, 'CS', 'cs107', 37.955924987792970, -91.774299621582030, 2),
(1, 0, 'CS', 'cs107C', 37.956005096435550, -91.774253845214840, 2),
(1, 0, 'CS', 'cs107D', 37.956005096435550, -91.774414062500000, 2),
(1, 0, 'CS', 'cs107E', 37.956005096435550, -91.774482727050780, 2),
(1, 0, 'CS', 'cs107F', 37.955924987792970, -91.774414062500000, 2),
(1, 0, 'CS', 'cs108', 37.955940246582030, -91.774536132812500, 2),
(1, 0, 'CS', 'cs109', 37.955909729003906, -91.774536132812500, 2),
(1, 0, 'CS', 'cs110', 37.955863952636720, -91.774536132812500, 2),
(1, 0, 'CS', 'cs111', 37.955837249755860, -91.774536132812500, 2),
(1, 0, 'CS', 'cs112', 37.955806732177734, -91.774536132812500, 2),
(1, 0, 'CS', 'cs113', 37.955818176269530, -91.774536132812500, 2),
(1, 0, 'CS', 'cs1EV', 37.955841064453125, -91.774208068847660, 2),
(1, 0, 'CS', 'cs1M1', 37.955997467041016, -91.774208068847660, 2),
(1, 0, 'CS', 'cs1ST1', 37.955837249755860, -91.773956298828120, 2),
(1, 0, 'CS', 'cs1ST2', 37.955818176269530, -91.774185180664060, 2),
(1, 0, 'CS', 'csB1', 37.955837249755860, -91.773925781250000, 2),
(1, 0, 'rolla', 'rG1', 37.953510284423830, -91.774162292480470, 2),
(1, 0, 'rolla', 'rG2', 37.953472137451170, -91.774139404296880, 2),
(1, 0, 'rolla', 'rG3', 37.953464508056640, -91.774108886718750, 2),
(1, 0, 'rolla', 'rG4', 37.953464508056640, -91.774108886718750, 2),
(1, 0, 'rolla', 'rG5', 37.953632354736330, -91.774078369140620, 2),
(1, 0, 'rolla', 'rG5A', 37.953552246093750, -91.773948669433600, 2),
(1, 0, 'rolla', 'rG7', 37.953559875488280, -91.774108886718750, 2),
(1, 0, 'rolla', 'rG7A', 37.953544616699220, -91.774093627929690, 2),
(1, 0, 'rolla', 'rg8', 37.953594207763670, -91.774208068847660, 2),
(1, 0, 'rolla', 'rGCR1', 37.953525543212890, -91.774139404296880, 2),
(1, 0, 'rolla', 'rGEV1', 37.953536987304690, -91.774200439453120, 2),
(1, 0, 'rolla', 'rgjc1', 37.953563690185550, -91.774192810058600, 2),
(1, 0, 'rolla', 'rGMT', 37.953582763671875, -91.774108886718750, 2),
(1, 0, 'rolla', 'rgst1', 37.953552246093750, -91.774238586425780, 2),
(1, 0, 'rolla', 'rGST2', 37.953540802001950, -91.773956298828120, 2),
(1, 0, 'rolla', 'rgvt1', 37.953536987304690, -91.774223327636720, 2),
(1, 0, 'rolla', 'rGwt', 37.953639984130860, -91.774131774902340, 2),
(1, 0, 'CS', 'cs100', 37.955833435058594, -91.774147033691400, 3),
(1, 0, 'CS', 'cs100A', 37.955833435058594, -91.774162292480470, 3),
(1, 0, 'CS', 'cs100B', 37.955787658691406, -91.774162292480470, 3),
(1, 0, 'CS', 'cs101', 37.955776214599610, -91.774131774902340, 3),
(1, 0, 'CS', 'cs102', 37.955776214599610, -91.774047851562500, 3),
(1, 0, 'CS', 'cs103', 37.955886840820310, -91.774055480957030, 3),
(1, 0, 'CS', 'cs103A', 37.955928802490234, -91.774024963378900, 3),
(1, 0, 'CS', 'cs104', 37.955886840820310, -91.774154663085940, 3),
(1, 0, 'CS', 'cs104B', 37.955928802490234, -91.774063110351560, 3),
(1, 0, 'CS', 'cs104C', 37.955940246582030, -91.774063110351560, 3),
(1, 0, 'CS', 'cs104D', 37.955928802490234, -91.774139404296880, 3),
(1, 0, 'CS', 'cs104E', 37.955928802490234, -91.774177551269530, 3),
(1, 0, 'CS', 'cs104E1', 37.955928802490234, -91.774208068847660, 3),
(1, 0, 'CS', 'cs105', 37.955883026123050, -91.774200439453120, 3),
(1, 0, 'CS', 'cs105A', 37.955928802490234, -91.774276733398440, 3),
(1, 0, 'CS', 'cs105A1', 37.955890655517580, -91.774253845214840, 3),
(1, 0, 'CS', 'cs106', 37.955928802490234, -91.774246215820310, 3),
(1, 0, 'CS', 'cs106A', 37.955924987792970, -91.774307250976560, 3),
(1, 0, 'CS', 'cs106A1', 37.955909729003906, -91.774520874023440, 3),
(1, 0, 'CS', 'cs107', 37.955928802490234, -91.774414062500000, 3),
(1, 0, 'CS', 'cs107C', 37.956005096435550, -91.774414062500000, 3),
(1, 0, 'CS', 'cs107D', 37.956005096435550, -91.774475097656250, 3),
(1, 0, 'CS', 'cs107E', 37.956005096435550, -91.774513244628900, 3),
(1, 0, 'CS', 'cs107F', 37.955924987792970, -91.774520874023440, 3),
(1, 0, 'CS', 'cs108', 37.955940246582030, -91.774597167968750, 3),
(1, 0, 'CS', 'cs109', 37.955909729003906, -91.774597167968750, 3),
(1, 0, 'CS', 'cs110', 37.955863952636720, -91.774597167968750, 3),
(1, 0, 'CS', 'cs111', 37.955837249755860, -91.774597167968750, 3),
(1, 0, 'CS', 'cs112', 37.955806732177734, -91.774597167968750, 3),
(1, 0, 'CS', 'cs113', 37.955818176269530, -91.774520874023440, 3),
(1, 0, 'CS', 'cs1EV', 37.955841064453125, -91.774230957031250, 3),
(1, 0, 'CS', 'cs1M1', 37.956001281738280, -91.774238586425780, 3),
(1, 0, 'CS', 'cs1ST1', 37.955837249755860, -91.773925781250000, 3),
(1, 0, 'CS', 'cs1ST2', 37.955818176269530, -91.774162292480470, 3),
(1, 0, 'CS', 'csB1', 37.955837249755860, -91.773948669433600, 3),
(1, 0, 'rolla', 'rG1', 37.953510284423830, -91.774162292480470, 3),
(1, 0, 'rolla', 'rG2', 37.953472137451170, -91.774192810058600, 3),
(1, 0, 'rolla', 'rG3', 37.953464508056640, -91.774124145507810, 3),
(1, 0, 'rolla', 'rG4', 37.953464508056640, -91.774124145507810, 3),
(1, 0, 'rolla', 'rG5', 37.953628540039060, -91.774017333984380, 3),
(1, 0, 'rolla', 'rG5A', 37.953552246093750, -91.774009704589840, 3),
(1, 0, 'rolla', 'rG7', 37.953559875488280, -91.774116516113280, 3),
(1, 0, 'rolla', 'rG7A', 37.953544616699220, -91.774108886718750, 3),
(1, 0, 'rolla', 'rg8', 37.953590393066406, -91.774261474609380, 3),
(1, 0, 'rolla', 'rGCR1', 37.953506469726560, -91.774139404296880, 3),
(1, 0, 'rolla', 'rGEV1', 37.953536987304690, -91.774208068847660, 3),
(1, 0, 'rolla', 'rgjc1', 37.953563690185550, -91.774238586425780, 3),
(1, 0, 'rolla', 'rGMT', 37.953582763671875, -91.774162292480470, 3),
(1, 0, 'rolla', 'rgst1', 37.953552246093750, -91.774253845214840, 3),
(1, 0, 'rolla', 'rGST2', 37.953536987304690, -91.773986816406250, 3),
(1, 0, 'rolla', 'rgvt1', 37.953525543212890, -91.774223327636720, 3),
(1, 0, 'rolla', 'rGwt', 37.953639984130860, -91.774108886718750, 3),
(1, 0, 'CS', 'cs100', 37.955818176269530, -91.774147033691400, 4),
(1, 0, 'CS', 'cs100A', 37.955829620361330, -91.774162292480470, 4),
(1, 0, 'CS', 'cs100B', 37.955814361572266, -91.774162292480470, 4),
(1, 0, 'CS', 'cs104B', 37.955940246582030, -91.774063110351560, 4),
(1, 0, 'CS', 'cs104C', 37.955928802490234, -91.774063110351560, 4),
(1, 0, 'CS', 'cs105A', 37.955947875976560, -91.774276733398440, 4),
(1, 0, 'CS', 'cs105A1', 37.955917358398440, -91.774253845214840, 4),
(1, 0, 'CS', 'cs106', 37.955917358398440, -91.774246215820310, 4),
(1, 0, 'CS', 'cs106A', 37.955883026123050, -91.774307250976560, 4),
(1, 0, 'CS', 'cs113', 37.955776214599610, -91.774513244628900, 4),
(1, 0, 'CS', 'cs1ST1', 37.955814361572266, -91.773925781250000, 4),
(1, 0, 'CS', 'cs1ST2', 37.955802917480470, -91.774162292480470, 4),
(1, 0, 'rolla', 'rG1', 37.953506469726560, -91.774162292480470, 4),
(1, 0, 'rolla', 'rG3', 37.953468322753906, -91.774131774902340, 4),
(1, 0, 'rolla', 'rG4', 37.953468322753906, -91.774131774902340, 4),
(1, 0, 'rolla', 'rG5', 37.953552246093750, -91.774017333984380, 4),
(1, 0, 'rolla', 'rG7', 37.953544616699220, -91.774116516113280, 4),
(1, 0, 'rolla', 'rGCR1', 37.953506469726560, -91.774154663085940, 4),
(1, 0, 'rolla', 'rGEV1', 37.953529357910156, -91.774208068847660, 4),
(1, 0, 'rolla', 'rGST2', 37.953529357910156, -91.773986816406250, 4),
(1, 0, 'rolla', 'rgvt1', 37.953525543212890, -91.774208068847660, 4),
(1, 0, 'rolla', 'rGwt', 37.953609466552734, -91.774108886718750, 4),
(1, 0, 'CS', 'cs100', 37.955818176269530, -91.774162292480470, 5),
(1, 0, 'CS', 'cs100A', 37.955825805664060, -91.774185180664060, 5),
(1, 0, 'CS', 'cs100B', 37.955814361572266, -91.774147033691400, 5),
(1, 0, 'CS', 'cs104B', 37.955940246582030, -91.774063110351560, 5),
(1, 0, 'CS', 'cs104C', 37.955928802490234, -91.774101257324220, 5),
(1, 0, 'CS', 'cs105A', 37.955947875976560, -91.774284362792970, 5),
(1, 0, 'CS', 'cs105A1', 37.955917358398440, -91.774246215820310, 5),
(1, 0, 'CS', 'cs106', 37.955917358398440, -91.774253845214840, 5),
(1, 0, 'CS', 'cs106A', 37.955886840820310, -91.774520874023440, 5),
(1, 0, 'CS', 'cs113', 37.955776214599610, -91.774597167968750, 5),
(1, 0, 'CS', 'cs1ST1', 37.955814361572266, -91.773971557617190, 5),
(1, 0, 'CS', 'cs1ST2', 37.955802917480470, -91.774208068847660, 5),
(1, 0, 'rolla', 'rG1', 37.953506469726560, -91.774192810058600, 5),
(1, 0, 'rolla', 'rG3', 37.953472137451170, -91.774139404296880, 5),
(1, 0, 'rolla', 'rG4', 37.953472137451170, -91.774139404296880, 5),
(1, 0, 'rolla', 'rG5', 37.953548431396484, -91.774093627929690, 5),
(1, 0, 'rolla', 'rG7', 37.953544616699220, -91.774162292480470, 5),
(1, 0, 'rolla', 'rGCR1', 37.953525543212890, -91.774154663085940, 5),
(1, 0, 'rolla', 'rGEV1', 37.953529357910156, -91.774223327636720, 5),
(1, 0, 'rolla', 'rGST2', 37.953529357910156, -91.773956298828120, 5),
(1, 0, 'rolla', 'rgvt1', 37.953517913818360, -91.774208068847660, 5),
(1, 0, 'rolla', 'rGwt', 37.953609466552734, -91.774162292480470, 5),
(1, 0, 'CS', 'cs100B', 37.955825805664060, -91.774139404296880, 6),
(1, 0, 'CS', 'cs106', 37.955890655517580, -91.774253845214840, 6),
(1, 0, 'rolla', 'rG5', 37.953559875488280, -91.774093627929690, 6),
(1, 0, 'rolla', 'rGCR1', 37.953525543212890, -91.774192810058600, 6),
(1, 0, 'rolla', 'rGEV1', 37.953536987304690, -91.774223327636720, 6),
(1, 0, 'rolla', 'rGST2', 37.953517913818360, -91.773956298828120, 6),
(1, 0, 'rolla', 'rgvt1', 37.953517913818360, -91.774253845214840, 6),
(1, 0, 'CS', 'cs100B', 37.955825805664060, -91.774131774902340, 7),
(1, 0, 'CS', 'cs106', 37.955890655517580, -91.774269104003900, 7),
(1, 0, 'rolla', 'rG5', 37.953563690185550, -91.774101257324220, 7),
(1, 0, 'rolla', 'rGCR1', 37.953628540039060, -91.774192810058600, 7),
(1, 0, 'rolla', 'rGEV1', 37.953536987304690, -91.774223327636720, 7),
(1, 0, 'rolla', 'rGST2', 37.953517913818360, -91.774009704589840, 7),
(1, 0, 'CS', 'cs100B', 37.955776214599610, -91.774131774902340, 8),
(1, 0, 'CS', 'cs106', 37.955883026123050, -91.774269104003900, 8),
(1, 0, 'rolla', 'rGCR1', 37.953632354736330, -91.774162292480470, 8),
(1, 0, 'CS', 'cs100B', 37.955776214599610, -91.774200439453120, 9),
(1, 0, 'CS', 'cs106', 37.955883026123050, -91.774307250976560, 9),
(1, 0, 'rolla', 'rGCR1', 37.953544616699220, -91.774162292480470, 9);

-- --------------------------------------------------------

--
-- Table structure for table `events`
--

CREATE TABLE IF NOT EXISTS `events` (
  `ID` char(10) NOT NULL,
  `name` char(30) DEFAULT NULL,
  `startDate` date DEFAULT NULL,
  `endDate` date DEFAULT NULL,
  `startTime` time DEFAULT NULL,
  `endTime` time DEFAULT NULL,
  `section` char(1) DEFAULT NULL,
  `instructor` char(30) NOT NULL,
  `roomID` char(10) NOT NULL,
  `days` char(7) DEFAULT NULL
) ENGINE=InnoDB DEFAULT CHARSET=latin1;

--
-- Dumping data for table `events`
--

INSERT INTO `events` (`ID`, `name`, `startDate`, `endDate`, `startTime`, `endTime`, `section`, `instructor`, `roomID`, `days`) VALUES
('acm1', 'ACM Meeting', '2015-01-20', '2015-05-15', '17:00:00', '18:00:00', '', 'ercal@mst.edu', 'rG3', '000001'),
('advising1', 'Advising Week', '2015-03-23', '2015-03-27', '08:00:00', '15:00:00', '', 'price@mst.edu', 'rG1', '111110'),
('CS3500', 'Programming Languages', '2015-01-20', '2015-05-15', '14:00:00', '15:15:00', 'a', ' ricardom@mst.edu', 'cs104', '0101000'),
('cs4900', 'Senior Design', '2015-01-20', '2015-05-15', '15:30:00', '16:45:00', 'a', 'ricardom@mst.edu', 'cs104', '010100'),
('wacm1', 'WACM Meeting', '2015-01-20', '2015-05-15', '12:00:00', '13:00:00', '', 'leopold@mst.edu', 'cs110', '000001');

-- --------------------------------------------------------

--
-- Table structure for table `instructors`
--

CREATE TABLE IF NOT EXISTS `instructors` (
  `fName` char(30) DEFAULT NULL,
  `lName` char(30) DEFAULT NULL,
  `dept` char(30) DEFAULT NULL,
  `office` char(10) DEFAULT NULL,
  `email` char(20) NOT NULL DEFAULT '',
  `phone` char(15) DEFAULT NULL
) ENGINE=InnoDB DEFAULT CHARSET=latin1;

--
-- Dumping data for table `instructors`
--

INSERT INTO `instructors` (`fName`, `lName`, `dept`, `office`, `email`, `phone`) VALUES
('Dan', 'Lin', 'Computer Science', 'cs102', 'dlin@mst.edu', '123456789'),
('Fikret', 'Ercal', 'Computer Science', 'cs101', 'ercal@mst.edu', '123456789'),
('Jennifer', 'Leopold', 'Computer Science', 'cs102', 'leopold@mst.edu', '123456789'),
('Clayton', 'Price', 'Computer Science', 'cs100', 'price@mst.edu', '123456789'),
('Ricardo', 'Morales', 'Computer Science', 'cs100', 'ricardom@mst.edu', '123456789');

-- --------------------------------------------------------

--
-- Table structure for table `rooms`
--

CREATE TABLE IF NOT EXISTS `rooms` (
  `ID` char(10) NOT NULL,
  `buildingID` char(10) NOT NULL,
  `number` char(5) NOT NULL,
  `floor` smallint(6) DEFAULT NULL,
  `seatCount` smallint(6) DEFAULT NULL
) ENGINE=InnoDB DEFAULT CHARSET=latin1;

--
-- Dumping data for table `rooms`
--

INSERT INTO `rooms` (`ID`, `buildingID`, `number`, `floor`, `seatCount`) VALUES
('cs100', 'CS', '100', 1, 0),
('cs100A', 'CS', '100A', 1, 0),
('cs100B', 'CS', '100B', 1, 0),
('cs101', 'CS', '101', 1, 0),
('cs102', 'CS', '102', 1, 0),
('cs103', 'CS', '103', 1, 0),
('cs103A', 'CS', '103A', 1, 0),
('cs104', 'CS', '104', 1, 0),
('cs104B', 'CS', '104B', 1, 0),
('cs104C', 'CS', '104C', 1, 0),
('cs104D', 'CS', '104D', 1, 0),
('cs104E', 'CS', '104E', 1, 0),
('cs104E1', 'CS', '1.04E', 1, 0),
('cs105', 'CS', '105', 1, 0),
('cs105A', 'CS', '105A', 1, 0),
('cs105A1', 'CS', '105A1', 1, 0),
('cs106', 'CS', '106', 1, 0),
('cs106A', 'CS', '106A', 1, 0),
('cs106A1', 'CS', '106A1', 1, 0),
('cs107', 'CS', '107', 1, 0),
('cs107C', 'CS', '107C', 1, 0),
('cs107D', 'CS', '107D', 1, 0),
('cs107E', 'CS', '107E', 1, 0),
('cs107F', 'CS', '107F', 1, 0),
('cs108', 'CS', '108', 1, 0),
('cs109', 'CS', '109', 1, 0),
('cs110', 'CS', '110', 1, 0),
('cs111', 'CS', '111', 1, 0),
('cs112', 'CS', '112', 1, 0),
('cs113', 'CS', '113', 1, 0),
('cs1EV', 'CS', '1EV', 1, 0),
('cs1M1', 'CS', '1M1', 1, 0),
('cs1ST1', 'CS', '1ST1', 1, 0),
('cs1ST2', 'CS', '1ST2', 1, 0),
('csB1', 'CS', 'B1', 1, 0),
('rG1', 'rolla', 'G1', 1, 0),
('rG2', 'rolla', 'G2', 1, 0),
('rG3', 'rolla', 'G3', 1, 0),
('rG4', 'rolla', 'G4', 1, 0),
('rG5', 'rolla', 'G5', 1, 0),
('rG5A', 'rolla', 'G5A', 1, 0),
('rG7', 'rolla', 'G7', 1, 0),
('rG7A', 'rolla', 'G7A', 1, 0),
('rg8', 'rolla', 'g8', 1, 0),
('rGCR1', 'rolla', 'GCR1', 1, 0),
('rGEV1', 'rolla', 'GEV1', 1, 0),
('rgjc1', 'rolla', 'gjc1', 1, 0),
('rGMT', 'rolla', 'GMT', 1, 0),
('rgst1', 'rolla', 'gst1', 1, 0),
('rGST2', 'rolla', 'GST2', 1, 0),
('rgvt1', 'rolla', 'gvt1', 1, 0),
('rGwt', 'rolla', 'Gwt', 1, 0);

--
-- Indexes for dumped tables
--

--
-- Indexes for table `buildings`
--
ALTER TABLE `buildings`
  ADD PRIMARY KEY (`ID`);

--
-- Indexes for table `coordinates`
--
ALTER TABLE `coordinates`
  ADD PRIMARY KEY (`pointOrder`,`roomID`), ADD KEY `coordinates_ibfk_1` (`buildingID`), ADD KEY `coordinates_ibfk_2` (`roomID`);

--
-- Indexes for table `events`
--
ALTER TABLE `events`
  ADD PRIMARY KEY (`ID`), ADD KEY `event_1` (`roomID`), ADD KEY `event_2` (`instructor`);

--
-- Indexes for table `instructors`
--
ALTER TABLE `instructors`
  ADD PRIMARY KEY (`email`);

--
-- Indexes for table `rooms`
--
ALTER TABLE `rooms`
  ADD PRIMARY KEY (`ID`), ADD KEY `room_1` (`buildingID`);

--
-- Constraints for dumped tables
--

--
-- Constraints for table `coordinates`
--
ALTER TABLE `coordinates`
ADD CONSTRAINT `coordinates_ibfk_1` FOREIGN KEY (`buildingID`) REFERENCES `buildings` (`ID`),
ADD CONSTRAINT `coordinates_ibfk_2` FOREIGN KEY (`roomID`) REFERENCES `rooms` (`ID`);

--
-- Constraints for table `events`
--
ALTER TABLE `events`
ADD CONSTRAINT `event_2` FOREIGN KEY (`instructor`) REFERENCES `instructors` (`email`);

--
-- Constraints for table `rooms`
--
ALTER TABLE `rooms`
ADD CONSTRAINT `room_1` FOREIGN KEY (`buildingID`) REFERENCES `buildings` (`ID`);

/*!40101 SET CHARACTER_SET_CLIENT=@OLD_CHARACTER_SET_CLIENT */;
/*!40101 SET CHARACTER_SET_RESULTS=@OLD_CHARACTER_SET_RESULTS */;
/*!40101 SET COLLATION_CONNECTION=@OLD_COLLATION_CONNECTION */;
